1,5
2,5
3,5
4,3.5
5,3.5
6,4.5
7,3.5
8,5
9,5
10,3.5
11,4.5
12,4
13,3
14,4
15,4.5
16,4
17,5
18,4
19,4
20,4.5
21,5
22,3
23,3.5
24,2.5
25,3.5
26,4.5
27,3
28,4
29,3.5
30,3
31,5
32,3.5
33,5
34,3
35,4
36,5
37,4
38,4.5
39,4.5
40,4.5
41,4.5
42,2.5
43,4
44,3.5
45,3.5
46,4.5
47,4
48,3.5
49,4.5
50,4
51,3.5
52,4
53,3
54,3
55,4.5
56,2.5
57,5
58,4.5
59,3.5
60,3
61,3.5
62,4
63,4.5
64,5
65,2
66,2
67,2.5
68,2.5
69,4
70,4
71,2.5
72,3.5
73,4
74,5
75,3.5
76,3.5
77,2
78,2.5
79,4
80,3.5
81,2.5
82,3.5
83,2.5
84,3.5
85,4
86,4.5
87,3.5
88,4
89,5
90,3.5
91,4
92,5
93,3.5
94,4
95,3
96,3
97,3
98,4
99,5
100,5
101,2.5
102,4.5
103,2.5
104,5
105,3.5
106,4
107,4.5
108,4
109,2.5
110,2
111,3
112,3.5
113,4.5
114,2.5
115,3
116,3.5
117,4.5
118,3.5
119,4
120,3.5
121,3
122,4
123,4.5
124,3
125,3.5
126,4.5
127,5
128,3.5
129,4.5
130,5
131,5
132,4.5
133,5
134,3
135,3
136,2.5
137,3
138,4
139,5
140,4
141,3
142,3.5
143,2.5
144,4.5
145,2
146,4
147,4.5
148,3.5
149,4
150,5
151,3.5
152,4
153,5
154,4.5
155,4
156,4.5
157,1
158,3.5
159,4.5
160,4
161,3.5
162,5
163,5
164,3.5
165,4
166,3.5
167,4.5
168,3
169,2.5
170,3.5
171,4.5
172,4
173,4
174,4
175,4
176,3
177,2
178,4.5
179,3
180,3
181,4
182,3
183,4
184,3
185,3.5
186,1
187,2.5
188,3.5
189,3.5
190,3
191,3
192,3
193,4
194,3.5
195,4
196,3
197,4.5
198,3.5
199,4.5
200,4.5
201,2.5
202,4
203,3
204,4
205,2.5
206,2.5
207,4.5
208,5
209,3.5
210,4
211,4
212,5
213,4.5
214,4
215,2.5
216,4
217,2.5
218,2
219,3
220,3.5
221,5
222,4.5
223,1.5
224,2.5
225,4
226,3.5
227,3.5
228,4.5
229,4.5
230,4
231,3
232,4.5
233,4.5
234,4.5
235,3
236,3.5
237,4.5
238,3
239,3
240,3
241,3.5
242,5
243,1
244,3.5
245,5
246,4.5
247,2.5
248,2
249,4
250,3
251,3
252,5
253,4.5
254,4
255,3.5
256,3
257,4.5
258,4
259,2.5
260,4
261,4
262,2.5
263,4.5
264,5
265,4.5
266,4.5
267,5
268,3.5
269,4.5
270,4
271,4
272,3.5
273,5
274,3
275,2.5
276,4.5
277,5
278,3.5
279,3.5
280,4.5
281,2
282,4.5
283,2
284,3.5
285,3
286,1
287,2.5
288,4.5
289,3.5
290,2
291,4.5
292,4
293,3.5
294,3
295,3
296,2
297,1.5
298,4
299,4
300,3
301,3
302,4
303,2
304,3.5
305,3.5
306,2
307,4.5
308,3.5
309,3.5
310,4
311,3.5
312,2.5
313,1.5
314,4
315,2.5
316,3
317,3
318,4
319,4
320,3
321,3
322,3.5
323,3.5
324,4
325,5
326,4.5
327,5
328,4
329,3.5
330,2.5
331,4.5
332,2.5
333,5
334,2.5
335,3.5
336,4
337,4.5
338,3.5
339,4
340,3.5
341,3.5
342,5
343,4
344,3
345,4
346,2.5
347,3
348,3
349,3.5
350,4
351,4.5
352,4
353,2.5
354,4.5
355,4.5
356,4
357,2
358,4
359,5
360,3
361,4
362,3
363,4.5
364,3.5
365,4
366,5
367,2
368,4
369,3.5
370,4.5
371,5
372,5
373,3
374,5
375,3.5
376,4.5
377,4.5
378,3
379,3
380,3
381,3
382,4
383,3.5
384,2.5
385,3.5
386,2.5
387,4
388,4.5
389,3.5
390,3.5
391,4
392,4
393,1
394,3.5
395,4.5
396,3.5
397,2.5
398,2
399,4
400,4.5
401,4.5
402,5
403,2.5
404,3.5
405,1.5
406,4
407,4
408,3
409,3.5
410,2.5
411,4
412,3.5
413,4
414,2
415,4
416,3.5
417,3.5
418,2.5
419,3
420,4.5
421,5
422,3.5
423,2.5
424,4.5
425,4.5
426,4.5
427,2
428,5
429,3.5
430,4.5
431,4
432,3.5
433,3
434,3.5
435,3
436,3
437,3
438,2
439,4
440,2
441,4.5
442,4
443,3
444,5
445,4
446,4
447,3.5
448,2.5
449,3.5
450,4
451,1
452,3
453,3.5
454,3
455,2.5
456,4
457,3
458,4.5
459,2.5
460,4.5
461,4
462,4
463,3
464,3
465,4
466,3.5
467,4.5
468,3
469,5
470,3.5
471,4
472,5
473,4.5
474,3.5
475,3.5
476,4.5
477,3.5
478,2
479,4.5
480,3
481,1.5
482,4
483,3.5
484,4.5
485,4
486,3
487,3
488,3
489,5
490,4
491,4
492,4
493,3.5
494,3
495,3
496,4.5
497,3.5
498,2.5
499,2.5
500,4
501,3.5
502,4
503,4
504,1.5
505,3
506,4
507,5
508,3.5
509,4
510,3
511,4.5
512,4.5
513,5
514,4
515,3.5
516,4.5
517,5
518,4.5
519,3.5
520,3.5
521,4
522,2.5
523,4
524,2.5
525,4
526,4.5
527,3.5
528,4
529,3
530,3.5
531,4.5
532,3.5
533,3
534,4
535,3
536,3
537,3.5
538,4
539,3
540,3.5
541,3
542,2.5
543,3
544,4
545,5
546,1.5
547,3
548,2.5
549,4
550,4
551,4
552,4.5
553,5
554,4.5
555,5
556,2.5
557,4
558,3
559,3.5
560,5
561,3.5
562,5
563,3.5
564,4
565,3
566,5
567,3
568,3.5
569,5
570,3
571,4.5
572,3.5
573,3
574,1.5
575,4
576,4
577,3.5
578,3
579,3.5
580,4
581,4
582,4.5
583,4.5
584,4
585,4
586,3.5
587,5
588,2
589,2
590,3.5
591,5
592,4
593,2.5
594,2
595,4
596,1.5
597,1.5
598,2.5
599,4
600,3.5
601,4
602,4
603,4
604,3.5
605,5
606,4
607,4.5
608,4
609,4
610,3
611,3.5
612,2
613,3.5
614,4
615,2.5
616,4
617,4
618,2.5
619,3.5
620,5
621,4
622,3.5
623,1
624,3.5
625,4.5
626,3.5
627,3.5
628,5
629,5
630,2
631,4
632,3.5
633,3
634,4.5
635,2.5
636,3.5
637,4
638,4
639,4.5
640,3.5
641,4.5
642,4.5
643,5
644,5
645,3.5
646,3
647,4
648,5
649,3.5
650,4
651,4
652,2.5
653,4
654,2
655,3.5
656,2.5
657,4
658,4.5
659,4.5
660,4
661,2.5
662,4.5
663,4
664,5
665,3
666,4.5
667,4
668,3.5
669,5
670,3.5
671,3
672,5
673,4.5
674,3
675,3
676,3.5
677,4.5
678,3
679,4.5
680,5
681,2.5
682,3.5
683,5
684,2
685,4.5
686,3
687,4
688,2
689,3.5
690,2.5
691,4
692,5
693,4
694,4
695,5
696,2.5
697,3.5
698,4.5
699,3
700,4.5
701,2.5
702,3
703,3.5
704,3.5
705,3.5
706,3
707,4
708,3
709,2.5
710,2
711,4
712,4
713,3.5
714,4.5
715,4
716,4.5
717,3.5
718,3
719,3
720,4
721,4.5
722,5
723,4.5
724,4.5
725,5
726,3
727,4
728,4
729,4
730,2.5
731,3.5
732,4
733,3
734,3
735,3.5
736,4
737,5
738,3.5
739,3.5
740,4.5
741,3.5
742,2.5
743,4.5
744,2.5
745,3.5
746,2
747,1.5
748,3.5
749,4
750,3.5
751,1
752,4
753,3.5
754,3.5
755,3.5
756,4
757,3
758,3.5
759,3.5
760,3
761,2
762,3
763,3.5
764,3.5
765,5
766,4
767,3.5
768,4
769,3.5
770,3.5
771,5
772,3.5
773,3
774,3
775,2.5
776,4.5
777,4.5
778,2.5
779,1.5
780,4
781,4
782,2.5
783,3.5
784,4
785,4
786,3
787,3.5
788,5
789,3.5
790,3.5
791,4
792,4
793,4.5
794,3
795,2.5
796,4
797,2.5
798,4
799,3
800,3.5
801,3.5
802,4
803,3.5
804,1.5
805,4.5
806,3.5
807,3.5
808,3.5
809,4.5
810,5
811,5
812,3
813,3
814,3
815,4
816,5
817,3.5
818,5
819,3
820,4
821,2.5
822,4
823,3
824,4.5
825,3
826,3.5
827,2
828,3.5
829,4.5
830,4.5
831,5
832,4
833,2.5
834,3
835,4
836,4.5
837,4
838,2.5
839,1
840,4
841,2.5
842,4
843,3.5
844,2
845,1
846,4.5
847,4
848,3.5
849,4
850,2.5
851,3.5
852,3.5
853,3.5
854,3
855,3.5
856,1
857,3.5
858,4
859,1
860,3.5
861,3
862,4
863,4.5
864,3
865,4.5
866,3.5
867,4
868,3.5
869,4
870,3.5
871,5
872,4
873,3.5
874,4
875,3.5
876,3
877,2.5
878,1.5
879,3
880,4
881,3.5
882,4
883,4
884,4.5
885,2.5
886,3.5
887,2.5
888,3.5
889,3
890,3.5
891,2.5
892,3.5
893,3.5
894,3.5
895,4
896,4.5
897,4.5
898,4.5
899,5
900,3.5
901,5
902,4.5
903,3
904,4
905,4
906,2.5
907,4.5
908,4.5
909,3.5
910,4.5
911,5
912,3.5
913,2.5
914,2.5
915,2
916,3.5
917,4
918,3
919,3
920,4
921,4
922,4.5
923,2.5
924,4
925,5
926,4
927,2.5
928,4
929,5
930,4.5
931,5
932,2
933,3.5
934,2.5
935,1.5
936,1.5
937,3.5
938,2.5
939,5
940,5
941,5
942,2
943,3.5
944,3.5
945,4.5
946,4
947,3.5
948,4
949,4
950,3.5
951,5
952,4
953,4.5
954,5
955,4.5
956,2.5
957,3.5
958,4.5
959,3.5
960,5
961,3.5
962,3.5
963,4.5
964,4
965,3.5
966,3.5
967,3
968,4.5
969,3.5
970,3.5
971,3
972,3.5
973,5
974,4.5
975,3
976,4
977,2.5
978,4
979,2.5
980,4
981,4
982,3
983,5
984,4
985,3.5
986,2.5
987,4
988,4.5
989,4.5
990,3.5
991,4
992,5
993,4.5
994,3
995,4.5
996,3.5
997,3.5
998,3
999,3.5
1000,4.5
1001,3.5
1002,4.5
1003,3
1004,4
1005,1.5
1006,3.5
1007,5
1008,3
1009,3
1010,3.5
1011,5
1012,5
1013,4
1014,3.5
1015,5
1016,3.5
1017,3.5
1018,1.5
1019,3.5
1020,3
1021,4
1022,5
1023,2.5
1024,3.5
1025,5
1026,3
1027,4
1028,4.5
1029,4.5
1030,3
1031,5
1032,3
1033,4
1034,3
1035,5
1036,4
1037,1.5
1038,3
1039,2.5
1040,3.5
1041,3.5
1042,4.5
1043,2.5
1044,2.5
1045,3.5
1046,4
1047,4.5
1048,3.5
1049,3.5
1050,4
1051,4.5
1052,3
1053,3.5
1054,2.5
1055,4.5
1056,2
1057,3
1058,4
1059,4.5
1060,3
1061,4
1062,2.5
1063,4
1064,3.5
1065,3
1066,3
1067,3.5
1068,4.5
1069,3
1070,5
1071,3
1072,5
1073,2.5
1074,3.5
1075,4.5
1076,3.5
1077,2.5
1078,3
1079,4
1080,5
1081,4.5
1082,4
1083,1
1084,5
1085,3.5
1086,2.5
1087,2
1088,4
1089,4.5
1090,3.5
1091,4.5
1092,4
1093,4
1094,3.5
1095,4.5
1096,4
1097,5
1098,4.5
1099,4
1100,4
1101,4
1102,4.5
1103,3
1104,2.5
1105,4.5
1106,3
1107,4.5
1108,5
1109,4
1110,4
1111,2
1112,3.5
1113,4
1114,4.5
1115,3.5
1116,5
1117,2.5
1118,4
1119,5
1120,4
1121,4
1122,3.5
1123,2.5
1124,4.5
1125,3.5
1126,3.5
1127,3
1128,3.5
1129,2.5
1130,3.5
1131,3.5
1132,1
1133,3.5
1134,3.5
1135,4
1136,3.5
1137,3.5
1138,5
1139,4.5
1140,4.5
1141,2.5
1142,4.5
1143,4
1144,5
1145,2
1146,4.5
1147,4
1148,5
1149,3.5
1150,3.5
1151,3.5
1152,4.5
1153,3.5
1154,4.5
1155,3.5
1156,3
1157,3
1158,5
1159,4
1160,4
1161,4
1162,3.5
1163,3.5
1164,4
1165,4.5
1166,3.5
1167,4
1168,3.5
1169,3.5
1170,3.5
1171,3.5
1172,4
1173,4
1174,4
1175,3.5
1176,5
1177,4.5
1178,2.5
1179,4.5
1180,3.5
1181,2.5
1182,2
1183,4
1184,5
1185,3.5
1186,3
1187,3
1188,3.5
1189,3
1190,4.5
1191,3.5
1192,4.5
1193,3
1194,3
1195,4.5
1196,5
1197,5
1198,4.5
1199,4.5
1200,3.5
1201,3
1202,5
1203,4
1204,5
1205,3.5
1206,5
1207,4.5
1208,5
1209,2
1210,2
1211,2
1212,4
1213,4.5
1214,4
1215,4.5
1216,4.5
1217,4.5
1218,4.5
1219,5
1220,4
1221,4
1222,2.5
1223,4
1224,4
1225,4
1226,3
1227,4.5
1228,3.5
1229,4
1230,2.5
1231,4.5
1232,5
1233,3.5
1234,2
1235,5
1236,3.5
1237,3.5
1238,4
1239,3.5
1240,2.5
1241,4.5
1242,2.5
1243,3
1244,4.5
1245,3.5
1246,4
1247,3.5
1248,3.5
1249,3
1250,5
1251,2.5
1252,4.5
1253,2.5
1254,4.5
1255,5
1256,3
1257,2.5
1258,3
1259,4
1260,2
1261,4
1262,5
1263,3
1264,3.5
1265,3
1266,3.5
1267,2.5
1268,3
1269,2
1270,4
1271,2.5
1272,4.5
1273,4
1274,2.5
1275,2.5
1276,3.5
1277,3
1278,2
1279,5
1280,4
1281,3
1282,3.5
1283,4
1284,4
1285,3.5
1286,4.5
1287,3
1288,5
1289,3.5
1290,4
1291,5
1292,4
1293,5
1294,3.5
1295,5
1296,5
1297,2.5
1298,4.5
1299,5
1300,3.5
1301,3
1302,4
1303,3.5
1304,4.5
1305,5
1306,1
1307,3
1308,2.5
1309,4
1310,4.5
1311,2.5
1312,2.5
1313,4.5
1314,4.5
1315,3
1316,3.5
1317,3
1318,3
1319,3.5
1320,4.5
1321,3
1322,2
1323,3.5
1324,3
1325,3.5
1326,4.5
1327,4.5
1328,3.5
1329,3.5
1330,4
1331,4.5
1332,4
1333,3.5
1334,3.5
1335,4.5
1336,3
1337,3.5
1338,4.5
1339,4
1340,3.5
1341,3.5
1342,3.5
1343,3
1344,3.5
1345,4.5
1346,3
1347,4
1348,3.5
1349,3.5
1350,3.5
1351,2.5
1352,4.5
1353,3
1354,4.5
1355,3
1356,3
1357,4
1358,4
1359,4.5
1360,5
1361,2.5
1362,3
1363,3.5
1364,4.5
1365,3.5
1366,3.5
1367,4.5
1368,3.5
1369,3
1370,3.5
1371,4.5
1372,4
1373,3
1374,4.5
1375,4
1376,4
1377,3.5
1378,4
1379,4
1380,5
1381,2
1382,5
1383,3
1384,2.5
1385,4
1386,4
1387,2.5
1388,1.5
1389,4
1390,4.5
1391,4.5
1392,4.5
1393,4
1394,3.5
1395,3
1396,3.5
1397,2
1398,4.5
1399,3
1400,4
1401,3
1402,3
1403,3.5
1404,4
1405,2.5
1406,4
1407,3.5
1408,4.5
1409,5
1410,2
1411,3.5
1412,5
1413,4
1414,4
1415,3
1416,3.5
1417,5
1418,4
1419,4
1420,5
1421,4
1422,5
1423,3.5
1424,4.5
1425,4.5
1426,3.5
1427,5
1428,3
1429,5
1430,5
1431,4.5
1432,4.5
1433,3.5
1434,4
1435,4
1436,2.5
1437,4.5
1438,4
1439,3.5
1440,2.5
1441,2.5
1442,4
1443,4.5
1444,3.5
1445,2.5
1446,3
1447,5
1448,3
1449,4.5
1450,3.5
1451,4
1452,3.5
1453,3
1454,1
1455,3.5
1456,3.5
1457,4.5
1458,5
1459,3
1460,3.5
1461,2.5
1462,4
1463,4.5
1464,4.5
1465,3.5
1466,5
1467,2.5
1468,3.5
1469,3
1470,4.5
1471,3.5
1472,4.5
1473,3
1474,2.5
1475,4
1476,3
1477,4.5
1478,3
1479,4
1480,3.5
1481,5
1482,5
1483,4
1484,4.5
1485,4.5
1486,5
1487,3.5
1488,3.5
1489,3.5
1490,4.5
1491,2
1492,3.5
1493,3.5
1494,3.5
1495,4
1496,4
1497,5
1498,3.5
1499,5
1500,3.5
1501,2.5
1502,4
1503,4
1504,3
1505,4
1506,2
1507,2.5
1508,4.5
1509,2.5
1510,4
1511,4
1512,4
1513,4
1514,3.5
1515,5
1516,3.5
1517,3
1518,5
1519,3
1520,2.5
1521,5
1522,4
1523,4.5
1524,3.5
1525,2
1526,4
1527,5
1528,5
1529,4
1530,4.5
1531,3
1532,4
1533,3.5
1534,5
1535,4
1536,3
1537,4.5
1538,4
1539,5
1540,3
1541,2.5
1542,3.5
1543,4
1544,3.5
1545,4
1546,3
1547,3
1548,4
1549,4
1550,3.5
1551,2.5
1552,2.5
1553,3.5
1554,4
1555,4
1556,4
1557,2.5
1558,4
1559,4
1560,4
1561,4
1562,4
1563,3.5
1564,2
1565,5
1566,4.5
1567,3.5
1568,3.5
1569,4.5
1570,3
1571,3.5
1572,4.5
1573,4
1574,2.5
1575,4
1576,3.5
1577,3
1578,5
1579,4.5
1580,5
1581,3.5
1582,2.5
1583,4
1584,2
1585,4
1586,4
1587,4
1588,4.5
1589,4
1590,4
1591,3
1592,3
1593,5
1594,4
1595,3
1596,5
1597,3
1598,4.5
1599,3.5
1600,4
1601,2.5
1602,4.5
1603,1.5
1604,5
1605,4
1606,2.5
1607,3.5
1608,5
1609,5
1610,5
1611,3.5
1612,4.5
1613,2
1614,4
1615,4
1616,3.5
1617,4
1618,3.5
1619,4.5
1620,3
1621,4
1622,4
1623,4.5
1624,4.5
1625,2.5
1626,3.5
1627,4.5
1628,3
1629,3
1630,4
1631,4.5
1632,2
1633,4.5
1634,3.5
1635,4
1636,2.5
1637,3.5
1638,5
1639,4
1640,5
1641,5
1642,3.5
1643,4
1644,4.5
1645,3.5
1646,4.5
1647,3
1648,3.5
1649,3.5
1650,3
1651,3
1652,4
1653,4.5
1654,4
1655,4.5
1656,2.5
1657,3.5
1658,5
1659,3.5
1660,3.5
1661,3.5
1662,3.5
1663,4
1664,4.5
1665,3.5
1666,5
1667,5
1668,3.5
1669,1
1670,1.5
1671,3
1672,4
1673,2.5
1674,4.5
1675,2
1676,2.5
1677,2.5
1678,3
1679,5
1680,3.5
1681,2.5
1682,5
1683,3.5
1684,4
1685,3.5
1686,5
1687,5
1688,4.5
1689,4
1690,3
1691,3.5
1692,3.5
1693,4
1694,3.5
1695,3.5
1696,3.5
1697,3.5
1698,2
1699,4.5
1700,4.5
1701,3
1702,3.5
1703,5
1704,4
1705,5
1706,4.5
1707,3.5
1708,4
1709,3.5
1710,4
1711,3.5
1712,4
1713,4.5
1714,4
1715,3.5
1716,4
1717,4.5
1718,2.5
1719,3.5
1720,4
1721,3
1722,3.5
1723,5
1724,4.5
1725,4
1726,4.5
1727,3
1728,3
1729,3
1730,3.5
1731,3.5
1732,3
1733,4
1734,3.5
1735,4
1736,3.5
1737,3.5
1738,4
1739,3.5
1740,2
1741,4.5
1742,1.5
1743,3.5
1744,1
1745,2.5
1746,3.5
1747,4
1748,3.5
1749,5
1750,5
1751,5
1752,4
1753,1.5
1754,4
1755,4
1756,3.5
1757,3
1758,4
1759,5
1760,3.5
1761,3.5
1762,3.5
1763,4
1764,4
1765,5
1766,4.5
1767,4
1768,2
1769,5
1770,4.5
1771,4
1772,5
1773,4
1774,3
1775,3
1776,3.5
1777,3.5
1778,4
1779,2
1780,5
1781,3
1782,2.5
1783,4.5
1784,3.5
1785,5
1786,3.5
1787,4
1788,3.5
1789,3.5
1790,4.5
1791,4.5
1792,5
1793,3.5
1794,2.5
1795,3
1796,4.5
1797,3.5
1798,3.5
1799,4
1800,4
1801,1
1802,3.5
1803,2.5
1804,4
1805,3
1806,1.5
1807,4.5
1808,2.5
1809,5
1810,5
1811,3
1812,2.5
1813,4
1814,4.5
1815,3.5
1816,4
1817,5
1818,3
1819,2.5
1820,3.5
1821,3.5
1822,4
1823,5
1824,4
1825,3.5
1826,4
1827,3.5
1828,2.5
1829,5
1830,5
1831,4
1832,4.5
1833,4
1834,4.5
1835,4.5
1836,4.5
1837,3
1838,4.5
1839,3.5
1840,4.5
1841,3.5
1842,3.5
1843,5
1844,3
1845,4
1846,5
1847,4
1848,4.5
1849,4
1850,2
1851,5
1852,3
1853,4
1854,3.5
1855,5
1856,2
1857,3.5
1858,4.5
1859,5
1860,4.5
1861,4
1862,3.5
1863,4.5
1864,3
1865,4
1866,3.5
1867,5
1868,4
1869,4
1870,4
1871,4.5
1872,3.5
1873,3.5
1874,3.5
1875,4
1876,3.5
1877,4
1878,1.5
1879,4
1880,4
1881,5
1882,4
1883,2.5
1884,3
1885,2
1886,4.5
1887,4.5
1888,4
1889,4.5
1890,3
1891,3
1892,2.5
1893,3.5
1894,3.5
1895,4
1896,4
1897,5
1898,4
1899,3.5
1900,3.5
1901,3.5
1902,5
1903,4
1904,3.5
1905,3.5
1906,3
1907,2.5
1908,2.5
1909,2
1910,4
1911,4.5
1912,4.5
1913,2
1914,3
1915,4
1916,4
1917,4
1918,3.5
1919,2.5
1920,3.5
1921,4
1922,4
1923,3
1924,2.5
1925,4.5
1926,3.5
1927,4.5
1928,3
1929,3.5
1930,2
1931,3.5
1932,3.5
1933,3
1934,1.5
1935,3
1936,5
1937,3.5
1938,4
1939,1.5
1940,3.5
1941,3
1942,4.5
1943,4
1944,5
1945,4.5
1946,5
1947,3
1948,5
1949,5
1950,3.5
1951,4
1952,3.5
1953,4
1954,3
1955,4
1956,3.5
1957,4.5
1958,4
1959,4.5
1960,3.5
1961,3.5
1962,3.5
1963,3.5
1964,4.5
1965,3.5
1966,4
1967,3.5
1968,3.5
1969,4
1970,3
1971,4.5
1972,3.5
1973,3
1974,5
1975,5
1976,3.5
1977,4.5
1978,4
1979,5
1980,3
1981,3.5
1982,4
1983,4
1984,2.5
1985,2.5
1986,3.5
1987,4.5
1988,4.5
1989,3
1990,5
1991,3.5
1992,4
1993,5
1994,4
1995,3.5
1996,4
1997,2
1998,2.5
1999,2.5
2000,3
2001,3.5
2002,4.5
2003,4
2004,3.5
2005,4.5
2006,5
2007,2.5
2008,3
2009,4.5
2010,4
2011,3
2012,5
2013,4.5
2014,3.5
2015,4.5
2016,3.5
2017,2
2018,4
2019,3.5
2020,4
2021,3.5
2022,3.5
2023,3.5
2024,4
2025,1.5
2026,4
2027,2
2028,3.5
2029,4.5
2030,4
2031,4
2032,3
2033,4
2034,3
2035,3.5
2036,3
2037,3
2038,2.5
2039,5
2040,3
2041,4
2042,4
2043,3
2044,4.5
2045,3.5
2046,3.5
2047,4
2048,3
2049,2.5
2050,4
2051,4
2052,4
2053,4
2054,2
2055,3
2056,3
2057,4.5
2058,5
2059,3.5
2060,3.5
2061,4.5
2062,3.5
2063,2.5
2064,4
2065,4
2066,4.5
2067,3.5
2068,5
2069,5
2070,3
2071,4.5
2072,4.5
2073,4
2074,4
2075,4
2076,3
2077,3.5
2078,4
2079,4.5
2080,3.5
2081,4.5
2082,4.5
2083,2.5
2084,3
2085,5
2086,3
2087,3.5
2088,4.5
2089,4.5
2090,4.5
2091,3.5
2092,4.5
2093,4.5
2094,4.5
2095,4
2096,2.5
2097,5
2098,4
2099,3
2100,4
2101,4.5
2102,3.5
2103,4.5
2104,4.5
2105,4.5
2106,3.5
2107,3.5
2108,4
2109,3
2110,5
2111,3
2112,3.5
2113,4
2114,2.5
2115,4.5
2116,4.5
2117,4
2118,4
2119,3
2120,3.5
2121,4
2122,3
2123,1
2124,3.5
2125,3
2126,4
2127,4
2128,3
2129,3
2130,3
2131,4.5
2132,3
2133,4
2134,3
2135,3
2136,3.5
2137,4.5
2138,4
2139,4
2140,4
2141,2.5
2142,2.5
2143,3.5
2144,4
2145,2.5
2146,5
2147,4
2148,3.5
2149,4
2150,4
2151,3
2152,2.5
2153,1
2154,3.5
2155,3
2156,2
2157,3.5
2158,4
2159,3
2160,3.5
2161,4.5
2162,2.5
2163,3
2164,3.5
2165,3
2166,1.5
2167,2.5
2168,3
2169,5
2170,3.5
2171,4
2172,4
2173,3
2174,3
2175,4
2176,4
2177,4
2178,4
2179,2.5
2180,3
2181,4
2182,4.5
2183,3.5
2184,2.5
2185,1.5
2186,4
2187,3.5
2188,2.5
2189,4
2190,4
2191,5
2192,3.5
2193,3.5
2194,3.5
2195,5
2196,4
2197,4.5
2198,2.5
2199,3
2200,4
2201,3.5
2202,4
2203,3.5
2204,2
2205,4.5
2206,3
2207,4.5
2208,3
2209,3
2210,3.5
2211,4
2212,4
2213,2
2214,4
2215,5
2216,4.5
2217,4
2218,3.5
2219,3.5
2220,4
2221,3
2222,2.5
2223,4
2224,1.5
2225,4.5
2226,1.5
2227,4
2228,4
2229,3.5
2230,5
2231,4.5
2232,4.5
2233,4.5
2234,5
2235,4.5
2236,4.5
2237,4
2238,3
2239,3.5
2240,4
2241,3
2242,3.5
2243,1
2244,4.5
2245,3.5
2246,3.5
2247,3.5
2248,3.5
2249,5
2250,4
2251,3
2252,3
2253,2.5
2254,4.5
2255,4.5
2256,3.5
2257,4
2258,4
2259,3
2260,4
2261,3
2262,3.5
2263,5
2264,4.5
2265,3.5
2266,4.5
2267,3.5
2268,2.5
2269,4.5
2270,4.5
2271,3
2272,3
2273,4
2274,5
2275,3.5
2276,3
2277,4.5
2278,4
2279,3.5
2280,3.5
2281,4.5
2282,4.5
2283,3
2284,3
2285,2
2286,4
2287,2.5
2288,5
2289,3
2290,3
2291,4
2292,4
2293,4.5
2294,4
2295,4.5
2296,4
2297,3.5
2298,2.5
2299,3.5
2300,3.5
2301,3.5
2302,4
2303,4.5
2304,4.5
2305,5
2306,4
2307,4
2308,4
2309,3
2310,3.5
2311,3.5
2312,3.5
2313,5
2314,4
2315,3.5
2316,3
2317,4.5
2318,4
2319,4
2320,2.5
2321,4
2322,4
2323,3.5
2324,4
2325,3
2326,3.5
2327,4.5
2328,4.5
2329,4
2330,5
2331,3.5
2332,4
2333,3.5
2334,3
2335,4
2336,4.5
2337,4.5
2338,4
2339,5
2340,5
2341,3
2342,3
2343,2
2344,3.5
2345,5
2346,3.5
2347,5
2348,5
2349,2.5
2350,3.5
2351,4
2352,3.5
2353,3.5
2354,3.5
2355,3.5
2356,4
2357,4.5
2358,2
2359,2.5
2360,3.5
2361,4
2362,2.5
2363,3.5
2364,3.5
2365,2.5
2366,3
2367,4
2368,3.5
2369,2.5
2370,2
2371,2.5
2372,3.5
2373,3
2374,3
2375,4
2376,3.5
2377,3.5
2378,3.5
2379,4.5
2380,4.5
2381,2.5
2382,4.5
2383,3
2384,1.5
2385,3.5
2386,4
2387,4
2388,3
2389,4.5
2390,2.5
2391,4.5
2392,4.5
2393,1
2394,1.5
2395,3
2396,5
2397,3.5
2398,5
2399,3.5
2400,1.5
2401,4
2402,3
2403,4
2404,5
2405,4.5
2406,4.5
2407,3.5
2408,3.5
2409,5
2410,4.5
2411,4
2412,3.5
2413,5
2414,3
2415,4
2416,3
2417,3.5
2418,4
2419,4
2420,3.5
2421,3
2422,2
2423,3.5
2424,3
2425,3.5
2426,3
2427,3.5
2428,3.5
2429,4.5
2430,4
2431,5
2432,4
2433,3.5
2434,2.5
2435,3.5
2436,4
2437,4.5
2438,4.5
2439,4
2440,3
2441,4
2442,4
2443,4.5
2444,4
2445,3.5
2446,3.5
2447,4
2448,5
2449,3.5
2450,4
2451,4
2452,4.5
2453,5
2454,2.5
2455,4.5
2456,4.5
2457,4.5
2458,3.5
2459,4
2460,3.5
2461,3.5
2462,4
2463,2.5
2464,4
2465,4.5
2466,4
2467,3.5
2468,4.5
2469,4
2470,4
2471,3.5
2472,5
2473,4.5
2474,4
2475,4
2476,3
2477,2
2478,4.5
2479,2.5
2480,4
2481,4
2482,4
2483,3.5
2484,3.5
2485,4
2486,5
2487,3.5
2488,4.5
2489,4.5
2490,2.5
2491,1
2492,4
2493,3.5
2494,3.5
2495,3
2496,4
2497,4
2498,2
2499,3
2500,3.5
2501,4.5
2502,3.5
2503,3
2504,3
2505,3.5
2506,3.5
2507,4.5
2508,3.5
2509,4.5
2510,3.5
2511,4.5
2512,3.5
2513,3
2514,2
2515,4
2516,3.5
2517,4.5
2518,2
2519,4
2520,2
2521,4.5
2522,5
2523,2
2524,5
2525,2.5
2526,3.5
2527,1.5
2528,3.5
2529,4
2530,4.5
2531,2.5
2532,4.5
2533,3
2534,2.5
2535,3.5
2536,5
2537,5
2538,3.5
2539,4.5
2540,1
2541,3.5
2542,3.5
2543,4.5
2544,5
2545,2
2546,4
2547,4
2548,5
2549,4
2550,4.5
2551,3
2552,3.5
2553,4.5
2554,3.5
2555,3.5
2556,5
2557,4
2558,4.5
2559,4
2560,3.5
2561,2.5
2562,4
2563,1.5
2564,3.5
2565,4
2566,3.5
2567,4.5
2568,1
2569,4.5
2570,4.5
2571,3.5
2572,3.5
2573,5
2574,4.5
2575,3
2576,3.5
2577,4
2578,3.5
2579,4
2580,4
2581,4.5
2582,2.5
2583,4
2584,4
2585,3.5
2586,3
2587,3
2588,3
2589,3.5
2590,3.5
2591,4.5
2592,5
2593,4
2594,4.5
2595,3
2596,4
2597,5
2598,3.5
2599,3.5
2600,4
2601,3.5
2602,5
2603,2
2604,5
2605,2.5
2606,4.5
2607,4
2608,2.5
2609,4
2610,3
2611,5
2612,3
2613,4
2614,3.5
2615,4
2616,3
2617,3
2618,5
2619,1.5
2620,4
2621,5
2622,4.5
2623,4.5
2624,4
2625,1.5
2626,3.5
2627,4
2628,3.5
2629,5
2630,4.5
2631,1.5
2632,5
2633,3.5
2634,4
2635,4.5
2636,4.5
2637,5
2638,4.5
2639,3.5
2640,5
2641,2.5
2642,5
2643,5
2644,3.5
2645,4.5
2646,2.5
2647,3.5
2648,3.5
2649,4
2650,5
2651,3
2652,3
2653,4
2654,3
2655,4
2656,3.5
2657,4
2658,4.5
2659,4
2660,4.5
2661,2.5
2662,4
2663,3
2664,2.5
2665,3.5
2666,3.5
2667,3.5
2668,4
2669,4.5
2670,2.5
2671,2
2672,5
2673,4
2674,3.5
2675,4.5
2676,4
2677,4
2678,5
2679,3
2680,2.5
2681,1
2682,4
2683,5
2684,4
2685,3.5
2686,3.5
2687,2
2688,4
2689,4.5
2690,4
2691,3
2692,4
2693,3.5
2694,2.5
2695,3.5
2696,4
2697,4.5
2698,5
2699,4.5
2700,3.5
2701,3.5
2702,4
2703,3.5
2704,4
2705,4.5
2706,3.5
2707,4
2708,3.5
2709,4
2710,4
2711,4
2712,4
2713,5
2714,4
2715,3.5
2716,4
2717,4
2718,2.5
2719,3
2720,4.5
2721,1
2722,4
2723,5
2724,5
2725,3.5
2726,4
2727,2
2728,4
2729,1.5
2730,3.5
2731,4.5
2732,2
2733,2.5
2734,3.5
2735,4
2736,5
2737,4
2738,5
2739,5
2740,1
2741,3.5
2742,3
2743,2.5
2744,3.5
2745,4.5
2746,4.5
2747,3.5
2748,3.5
2749,3.5
2750,2.5
2751,3
2752,3.5
2753,4
2754,3.5
2755,5
2756,3.5
2757,4
2758,3.5
2759,5
2760,4.5
2761,3
2762,5
2763,4
2764,4
2765,3.5
2766,3.5
2767,4
2768,1.5
2769,4.5
2770,4.5
2771,3.5
2772,4.5
2773,5
2774,3
2775,4.5
2776,4
2777,3
2778,4
2779,5
2780,3
2781,4
2782,2
2783,3
2784,3.5
2785,3.5
2786,4.5
2787,4
2788,3.5
2789,4
2790,2.5
2791,5
2792,4
2793,5
2794,4
2795,3.5
2796,4
2797,2
2798,3.5
2799,3.5
2800,3
2801,4
2802,3.5
2803,5
2804,4.5
2805,3.5
2806,3.5
2807,4
2808,2.5
2809,4.5
2810,3
2811,4.5
2812,4
2813,4.5
2814,3.5
2815,3
2816,4.5
2817,4
2818,5
2819,3
2820,3.5
2821,3.5
2822,4
2823,2.5
2824,4
2825,3
2826,4.5
2827,4.5
2828,3
2829,5
2830,4.5
2831,4
2832,4.5
2833,3.5
2834,5
2835,4
2836,3.5
2837,2
2838,4
2839,2
2840,3
2841,4.5
2842,3.5
2843,4
2844,4.5
2845,4
2846,4
2847,3.5
2848,5
2849,4
2850,3.5
2851,3.5
2852,3.5
2853,2
2854,3
2855,5
2856,3
2857,4
2858,5
2859,4.5
2860,3.5
2861,2
2862,4.5
2863,2.5
2864,3.5
2865,4
2866,4.5
2867,3.5
2868,3
2869,4.5
2870,3
2871,3
2872,4
2873,3.5
2874,3.5
2875,4
2876,4
2877,5
2878,4.5
2879,3
2880,3
2881,3
2882,4
2883,5
2884,4
2885,5
2886,4
2887,2
2888,5
2889,2
2890,3.5
2891,3
2892,4
2893,2.5
2894,3.5
2895,3
2896,4
2897,4
2898,3
2899,4
2900,4
2901,2.5
2902,2
2903,4.5
2904,3.5
2905,4.5
2906,4
2907,4.5
2908,4.5
2909,2
2910,4
2911,3
2912,4
2913,4.5
2914,4.5
2915,3
2916,3.5
2917,5
2918,2
2919,2.5
2920,2.5
2921,3.5
2922,4
2923,4
2924,2
2925,4.5
2926,3.5
2927,4.5
2928,2
2929,3.5
2930,4
2931,4
2932,3.5
2933,3
2934,4.5
2935,4.5
2936,4.5
2937,4
2938,4
2939,3
2940,3.5
2941,2
2942,4
2943,3
2944,3.5
2945,4.5
2946,4.5
2947,5
2948,4
2949,3.5
2950,3.5
2951,3
2952,4.5
2953,3.5
2954,4.5
2955,4
2956,4.5
2957,4
2958,2
2959,5
2960,2.5
2961,3.5
2962,4
2963,4.5
2964,3
2965,4
2966,2
2967,4
2968,3.5
2969,4
2970,3.5
2971,2.5
2972,3.5
2973,1
2974,2.5
2975,3.5
2976,2.5
2977,2.5
2978,3.5
2979,3.5
2980,3.5
2981,2.5
2982,5
2983,3.5
2984,3.5
2985,4.5
2986,3
2987,3.5
2988,3.5
2989,4
2990,3
2991,4
2992,3
2993,4
2994,4.5
2995,4
2996,4
2997,5
2998,2
2999,3.5
3000,2.5
3001,4
3002,4
3003,5
3004,3
3005,3
3006,2.5
3007,5
3008,3
3009,5
3010,4.5
3011,4
3012,5
3013,4.5
3014,3.5
3015,1.5
3016,4
3017,4.5
3018,3.5
3019,3
3020,3.5
3021,4
3022,3.5
3023,3.5
3024,2.5
3025,2.5
3026,4
3027,2.5
3028,4
3029,4
3030,4.5
3031,3
3032,3.5
3033,3.5
3034,3.5
3035,3
3036,3.5
3037,1
3038,3.5
3039,4
3040,4
3041,3.5
3042,4.5
3043,3.5
3044,4
3045,3
3046,2.5
3047,4
3048,3.5
3049,4.5
3050,4.5
3051,4
3052,3.5
3053,4
3054,2
3055,4
3056,4.5
3057,4
3058,2.5
3059,4
3060,4
3061,3.5
3062,3.5
3063,4
3064,4
3065,2.5
3066,3.5
3067,4
3068,3
3069,4
3070,4.5
3071,2.5
3072,4
3073,4
3074,3.5
3075,4
3076,2
3077,4
3078,4
3079,2.5
3080,4
3081,4
3082,4
3083,4
3084,4
3085,4.5
3086,4.5
3087,3.5
3088,3.5
3089,3
3090,5
3091,3
3092,3
3093,3.5
3094,5
3095,2
3096,4.5
3097,3
3098,2.5
3099,3.5
3100,4
3101,3.5
3102,4.5
3103,3.5
3104,5
3105,3.5
3106,3.5
3107,4.5
3108,3.5
3109,4.5
3110,5
3111,4
3112,4
3113,3
3114,1.5
3115,4
3116,5
3117,2.5
3118,4.5
3119,3.5
3120,3
3121,3.5
3122,2.5
3123,4
3124,2.5
3125,3
3126,4.5
3127,4.5
3128,4.5
3129,4
3130,3.5
3131,3.5
3132,1
3133,5
3134,4
3135,4.5
3136,4
3137,3.5
3138,4
3139,5
3140,3
3141,3
3142,5
3143,2.5
3144,3.5
3145,4
3146,4.5
3147,4
3148,4
3149,3
3150,4.5
3151,5
3152,3.5
3153,4.5
3154,3.5
3155,3.5
3156,2.5
3157,4.5
3158,4
3159,3.5
3160,3.5
3161,4
3162,4.5
3163,4.5
3164,3.5
3165,4
3166,2
3167,5
3168,4.5
3169,4.5
3170,4.5
3171,2.5
3172,3
3173,4
3174,3
3175,3.5
3176,3
3177,4
3178,4.5
3179,4
3180,3.5
3181,4.5
3182,3
3183,2.5
3184,4
3185,4.5
3186,5
3187,3
3188,1.5
3189,3
3190,2
3191,4
3192,4.5
3193,4
3194,4
3195,4
3196,5
3197,3.5
3198,5
3199,3.5
3200,2.5
3201,4
3202,3.5
3203,4.5
3204,3.5
3205,4.5
3206,4
3207,3.5
3208,5
3209,3.5
3210,4
3211,4
3212,5
3213,4
3214,4
3215,3.5
3216,4.5
3217,3.5
3218,4.5
3219,3
3220,2.5
3221,3
3222,5
3223,4.5
3224,4
3225,4.5
3226,4.5
3227,3.5
3228,3
3229,2
3230,4.5
3231,3.5
3232,4.5
3233,1
3234,4
3235,4.5
3236,1.5
3237,3.5
3238,4.5
3239,4.5
3240,3.5
3241,4.5
3242,4.5
3243,4
3244,3.5
3245,3
3246,1
3247,3.5
3248,3.5
3249,3.5
3250,5
3251,3.5
3252,4
3253,3.5
3254,4
3255,3.5
3256,3.5
3257,4.5
3258,3
3259,4
3260,4.5
3261,3.5
3262,4.5
3263,4.5
3264,3.5
3265,5
3266,4.5
3267,4
3268,4
3269,3.5
3270,5
3271,4
3272,3
3273,4.5
3274,3.5
3275,5
3276,2.5
3277,5
3278,2.5
3279,5
3280,3.5
3281,5
3282,3.5
3283,5
3284,3
3285,5
3286,5
3287,2
3288,2
3289,3.5
3290,4.5
3291,3
3292,4
3293,4.5
3294,4
3295,4.5
3296,4
3297,3.5
3298,5
3299,3.5
3300,2.5
3301,4.5
3302,3.5
3303,3
3304,4.5
3305,2
3306,3.5
3307,2.5
3308,4
3309,3.5
3310,4.5
3311,3.5
3312,3
3313,4
3314,5
3315,3.5
3316,3
3317,3.5
3318,4.5
3319,3.5
3320,5
3321,3
3322,3
3323,3.5
3324,3.5
3325,4
3326,4
3327,3.5
3328,5
3329,4.5
3330,2
3331,4.5
3332,3.5
3333,4.5
3334,3
3335,3.5
3336,3
3337,5
3338,4
3339,4
3340,3
3341,3.5
3342,4.5
3343,4.5
3344,3
3345,4.5
3346,4.5
3347,4
3348,4
3349,4
3350,4
3351,4
3352,2
3353,2.5
3354,4.5
3355,3.5
3356,4.5
3357,4.5
3358,2.5
3359,4
3360,4.5
3361,4
3362,4.5
3363,3
3364,3.5
3365,3
3366,3.5
3367,4
3368,3.5
3369,4
3370,2.5
3371,3.5
3372,3.5
3373,2
3374,4
3375,2.5
3376,3.5
3377,4
3378,3.5
3379,4
3380,3.5
3381,4.5
3382,3.5
3383,4
3384,4
3385,4
3386,4
3387,4
3388,4
3389,3
3390,4
3391,3.5
3392,3.5
3393,3
3394,2.5
3395,4
3396,3.5
3397,5
3398,4
3399,4.5
3400,3
3401,2.5
3402,3.5
3403,3.5
3404,4
3405,2.5
3406,2.5
3407,4.5
3408,4.5
3409,4
3410,2.5
3411,5
3412,4
3413,4
3414,3.5
3415,4.5
3416,5
3417,4
3418,4.5
3419,2.5
3420,3.5
3421,1
3422,3
3423,3
3424,4.5
3425,3.5
3426,4
3427,3.5
3428,5
3429,4.5
3430,2.5
3431,3.5
3432,4
3433,3.5
3434,1.5
3435,5
3436,3.5
3437,4.5
3438,3.5
3439,3.5
3440,2
3441,4
3442,2.5
3443,4
3444,3.5
3445,3.5
3446,5
3447,5
3448,4
3449,3
3450,4
3451,1
3452,4.5
3453,3
3454,2.5
3455,5
3456,4
3457,4
3458,3.5
3459,4
3460,3
3461,2.5
3462,5
3463,2.5
3464,4.5
3465,4.5
3466,4
3467,3.5
3468,3
3469,3
3470,3
3471,4.5
3472,4
3473,5
3474,5
3475,3
3476,4
3477,4
3478,5
3479,5
3480,4.5
3481,5
3482,3.5
3483,4
3484,4.5
3485,3
3486,3
3487,2.5
3488,2.5
3489,4.5
3490,4
3491,3
3492,3.5
3493,5
3494,3.5
3495,3.5
3496,4.5
3497,4.5
3498,3
3499,5
3500,4
3501,2.5
3502,3.5
3503,3.5
3504,3
3505,3.5
3506,5
3507,3.5
3508,3.5
3509,4
3510,4
3511,5
3512,3.5
3513,3.5
3514,4
3515,5
3516,5
3517,2
3518,3
3519,4.5
3520,4
3521,3.5
3522,4
3523,3.5
3524,3.5
3525,4
3526,3.5
3527,4
3528,3
3529,4
3530,2.5
3531,4
3532,3.5
3533,3.5
3534,3.5
3535,3
3536,5
3537,4
3538,3.5
3539,3.5
3540,1.5
3541,3.5
3542,3
3543,4
3544,3.5
3545,2.5
3546,3.5
3547,4
3548,3.5
3549,3.5
3550,4.5
3551,3.5
3552,4
3553,3.5
3554,4
3555,3
3556,2.5
3557,2
3558,3.5
3559,2.5
3560,5
3561,5
3562,3.5
3563,3
3564,2.5
3565,2.5
3566,4.5
3567,4
3568,3
3569,4.5
3570,2.5
3571,2.5
3572,4
3573,3.5
3574,5
3575,5
3576,4.5
3577,2
3578,2
3579,4
3580,4
3581,3
3582,5
3583,3.5
3584,3.5
3585,2.5
3586,5
3587,4
3588,3.5
3589,3.5
3590,3
3591,4.5
3592,3
3593,4
3594,3.5
3595,4.5
3596,4
3597,4
3598,3.5
3599,5
3600,3.5
3601,3.5
3602,4
3603,3.5
3604,4
3605,3
3606,4
3607,4
3608,2
3609,3.5
3610,3.5
3611,3.5
3612,4
3613,2.5
3614,3
3615,2.5
3616,4
3617,3.5
3618,3.5
3619,2.5
3620,4.5
3621,4.5
3622,5
3623,3.5
3624,3.5
3625,2.5
3626,4
3627,2.5
3628,4
3629,4
3630,4.5
3631,3
3632,4.5
3633,3
3634,3.5
3635,2.5
3636,3.5
3637,4
3638,3
3639,5
3640,4
3641,4.5
3642,4
3643,4
3644,5
3645,4
3646,4
3647,3.5
3648,4
3649,2.5
3650,3
3651,3.5
3652,5
3653,3.5
3654,3
3655,4.5
3656,3
3657,3.5
3658,4
3659,2
3660,4.5
3661,3.5
3662,2
3663,3.5
3664,3.5
3665,3.5
3666,4
3667,2
3668,3.5
3669,4.5
3670,5
3671,3
3672,2
3673,2
3674,5
3675,1.5
3676,3.5
3677,4
3678,4
3679,3.5
3680,3.5
3681,4.5
3682,5
3683,4.5
3684,5
3685,4
3686,4.5
3687,4.5
3688,4
3689,3.5
3690,3
3691,3.5
3692,3
3693,3
3694,4.5
3695,4.5
3696,4
3697,3
3698,4
3699,3
3700,3
3701,3.5
3702,4
3703,4.5
3704,3
3705,4
3706,3.5
3707,3
3708,4
3709,3
3710,2
3711,4.5
3712,5
3713,3
3714,4.5
3715,3.5
3716,4.5
3717,4
3718,4
3719,3.5
3720,3
3721,4.5
3722,5
3723,4
3724,3.5
3725,3
3726,3
3727,3
3728,2.5
3729,3.5
3730,4.5
3731,2.5
3732,4.5
3733,5
3734,4.5
3735,1
3736,3.5
3737,3.5
3738,4
3739,3.5
3740,4.5
3741,3.5
3742,3
3743,3
3744,2.5
3745,4
3746,5
3747,3.5
3748,4.5
3749,2.5
3750,3
3751,5
3752,3.5
3753,3.5
3754,4.5
3755,3.5
3756,4.5
3757,1.5
3758,2.5
3759,3.5
3760,5
3761,3.5
3762,1.5
3763,4.5
3764,5
3765,5
3766,3.5
3767,4
3768,4
3769,3
3770,3
3771,4
3772,4.5
3773,5
3774,2
3775,4
3776,5
3777,4
3778,4.5
3779,4
3780,3.5
3781,4
3782,3
3783,3
3784,4
3785,4
3786,3.5
3787,2.5
3788,2.5
3789,5
3790,4.5
3791,4.5
3792,4
3793,5
3794,3
3795,2.5
3796,1
3797,4
3798,2.5
3799,4.5
3800,4.5
3801,3.5
3802,3
3803,2.5
3804,2.5
3805,4
3806,4.5
3807,1.5
3808,4
3809,3.5
3810,4.5
3811,4.5
3812,3.5
3813,4
3814,4.5
3815,3.5
3816,4.5
3817,4.5
3818,2.5
3819,3
3820,4
3821,4
3822,3
3823,4.5
3824,4
3825,5
3826,4.5
3827,3.5
3828,3
3829,3
3830,3.5
3831,3
3832,4.5
3833,3.5
3834,5
3835,4.5
3836,4
3837,4.5
3838,3.5
3839,4
3840,5
3841,3
3842,4
3843,4.5
3844,5
3845,3.5
3846,3
3847,3.5
3848,2.5
3849,4
3850,4
3851,2
3852,5
3853,5
3854,4.5
3855,5
3856,3
3857,2.5
3858,4.5
3859,3
3860,3.5
3861,4
3862,2.5
3863,3.5
3864,5
3865,4
3866,3
3867,4
3868,4.5
3869,3.5
3870,2.5
3871,2.5
3872,1.5
3873,4
3874,4
3875,5
3876,3.5
3877,2.5
3878,4.5
3879,3.5
3880,3.5
3881,2.5
3882,4
3883,4.5
3884,5
3885,4
3886,4.5
3887,2.5
3888,5
3889,3.5
3890,4.5
3891,3.5
3892,4
3893,1
3894,4
3895,3.5
3896,3
3897,4
3898,3.5
3899,4.5
3900,3
3901,3.5
3902,3.5
3903,5
3904,2.5
3905,4
3906,4
3907,3.5
3908,3.5
3909,4
3910,4
3911,3
3912,2
3913,4
3914,4
3915,5
3916,3
3917,5
3918,4
3919,2.5
3920,3
3921,4.5
3922,4
3923,3.5
3924,3
3925,2.5
3926,1.5
3927,3
3928,4
3929,4.5
3930,5
3931,5
3932,2.5
3933,3
3934,5
3935,3.5
3936,5
3937,3.5
3938,1.5
3939,4.5
3940,4.5
3941,3.5
3942,2.5
3943,3.5
3944,3.5
3945,4
3946,5
3947,3.5
3948,4.5
3949,4
3950,3.5
3951,3.5
3952,2
3953,3.5
3954,4.5
3955,4
3956,2
3957,5
3958,2.5
3959,4.5
3960,3.5
3961,2.5
3962,4.5
3963,3.5
3964,5
3965,4.5
3966,4
3967,2.5
3968,3.5
3969,4
3970,4
3971,4
3972,3
3973,2.5
3974,3.5
3975,3.5
3976,3.5
3977,4
3978,3.5
3979,3.5
3980,3.5
3981,4.5
3982,4.5
3983,3
3984,3
3985,3.5
3986,3.5
3987,3
3988,4
3989,3
3990,3.5
3991,2.5
3992,2.5
3993,4.5
3994,5
3995,3
3996,3
3997,4
3998,4
3999,5
4000,5
4001,3.5
4002,3
4003,4
4004,4
4005,2.5
4006,3.5
4007,3.5
4008,4
4009,1.5
4010,4.5
4011,1.5
4012,4
4013,2
4014,3
4015,2.5
4016,4.5
4017,3.5
4018,4.5
4019,4
4020,4
4021,4.5
4022,3
4023,3
4024,4
4025,2.5
4026,3
4027,4
4028,4
4029,4.5
4030,2
4031,3
4032,3.5
4033,4
4034,3
4035,5
4036,4.5
4037,4.5
4038,3
4039,4.5
4040,3.5
4041,3
4042,5
4043,4.5
4044,4.5
4045,4.5
4046,3.5
4047,4
4048,4
4049,4
4050,5
4051,4
4052,4
4053,4.5
4054,4
4055,4
4056,4
4057,3
4058,4
4059,4
4060,5
4061,3.5
4062,4
4063,4.5
4064,3.5
4065,3
4066,5
4067,3.5
4068,2
4069,4.5
4070,4
4071,3
4072,3.5
4073,4
4074,4
4075,3.5
4076,3.5
4077,3
4078,4.5
4079,3.5
4080,2.5
4081,4.5
4082,4.5
4083,3.5
4084,3.5
4085,4
4086,5
4087,2.5
4088,2.5
4089,3.5
4090,4.5
4091,1.5
4092,2.5
4093,3.5
4094,4.5
4095,2.5
4096,5
4097,3.5
4098,3
4099,4.5
4100,4
4101,3.5
4102,2.5
4103,3
4104,2.5
4105,3.5
4106,4
4107,4.5
4108,3.5
4109,4
4110,4.5
4111,2.5
4112,3
4113,2
4114,5
4115,4.5
4116,4
4117,4.5
4118,4
4119,4
4120,4.5
4121,3.5
4122,2.5
4123,3.5
4124,4
4125,3.5
4126,3
4127,3
4128,2.5
4129,4.5
4130,1.5
4131,2.5
4132,4
4133,3
4134,2.5
4135,4
4136,4
4137,3.5
4138,3.5
4139,2
4140,3.5
4141,4
4142,2.5
4143,3.5
4144,4.5
4145,5
4146,3
4147,3
4148,4
4149,3
4150,3.5
4151,4
4152,5
4153,4
4154,3.5
4155,2
4156,5
4157,2.5
4158,3.5
4159,3.5
4160,3.5
4161,4
4162,2.5
4163,2.5
4164,3
4165,2.5
4166,3
4167,2.5
4168,2.5
4169,4.5
4170,3
4171,1.5
4172,4
4173,2.5
4174,4
4175,2.5
4176,5
4177,3.5
4178,5
4179,2
4180,5
4181,4.5
4182,4
4183,3.5
4184,3
4185,3.5
4186,3
4187,2.5
4188,3.5
4189,4.5
4190,2.5
4191,4
4192,3.5
4193,3.5
4194,3.5
4195,4
4196,4
4197,4
4198,5
4199,4.5
4200,2.5
4201,5
4202,4.5
4203,4.5
4204,4
4205,2
4206,3
4207,3.5
4208,4
4209,1
4210,2
4211,3.5
4212,2.5
4213,3
4214,3
4215,1.5
4216,4.5
4217,5
4218,3.5
4219,5
4220,3.5
4221,2.5
4222,3.5
4223,4
4224,3.5
4225,3.5
4226,4.5
4227,4
4228,2.5
4229,2
4230,4.5
4231,3
4232,3.5
4233,3
4234,4.5
4235,4.5
4236,4.5
4237,4
4238,2.5
4239,2.5
4240,4
4241,3.5
4242,4
4243,5
4244,2.5
4245,3
4246,3.5
4247,5
4248,4.5
4249,4
4250,3.5
4251,4
4252,3.5
4253,3
4254,3.5
4255,4
4256,2.5
4257,4
4258,2.5
4259,4.5
4260,3
4261,5
4262,3.5
4263,1.5
4264,2.5
4265,3
4266,4.5
4267,2
4268,4.5
4269,3
4270,4
4271,4.5
4272,3
4273,4.5
4274,4.5
4275,3.5
4276,3.5
4277,4
4278,3.5
4279,5
4280,2
4281,4
4282,4
4283,4.5
4284,2
4285,3.5
4286,5
4287,4
4288,5
4289,3.5
4290,4.5
4291,3
4292,2.5
4293,4
4294,5
4295,4
4296,3
4297,5
4298,4
4299,4
4300,2.5
4301,4
4302,4.5
4303,2
4304,5
4305,4.5
4306,3.5
4307,2.5
4308,3.5
4309,3.5
4310,5
4311,4.5
4312,4
4313,4.5
4314,3
4315,4.5
4316,1
4317,2
4318,4.5
4319,5
4320,3
4321,4
4322,3
4323,3
4324,3.5
4325,4.5
4326,3.5
4327,4
4328,3.5
4329,3
4330,3
4331,3
4332,3.5
4333,4.5
4334,2.5
4335,3
4336,4
4337,4
4338,4.5
4339,2.5
4340,3.5
4341,3.5
4342,1.5
4343,3.5
4344,1
4345,5
4346,3
4347,3.5
4348,3.5
4349,3.5
4350,3.5
4351,3.5
4352,3
4353,3
4354,3
4355,3.5
4356,4
4357,3.5
4358,3.5
4359,3
4360,4
4361,4
4362,3.5
4363,4
4364,3.5
4365,3
4366,4.5
4367,3.5
4368,5
4369,3.5
4370,4
4371,4
4372,2
4373,4
4374,5
4375,3.5
4376,3
4377,4
4378,3.5
4379,5
4380,5
4381,4
4382,4.5
4383,5
4384,3.5
4385,3
4386,4.5
4387,4.5
4388,3.5
4389,4.5
4390,3.5
4391,4
4392,5
4393,4.5
4394,3
4395,2
4396,4.5
4397,3.5
4398,5
4399,5
4400,3
4401,3
4402,4
4403,1
4404,3
4405,4
4406,4.5
4407,4
4408,2.5
4409,4.5
4410,4
4411,4.5
4412,2.5
4413,3
4414,3
4415,4
4416,4
4417,1.5
4418,4
4419,5
4420,3.5
4421,4
4422,5
4423,4
4424,3.5
4425,3.5
4426,3.5
4427,5
4428,3.5
4429,5
4430,4
4431,5
4432,3
4433,3
4434,3
4435,3.5
4436,3.5
4437,4
4438,3
4439,4
4440,3.5
4441,2.5
4442,2.5
4443,4.5
4444,3.5
4445,4
4446,3.5
4447,5
4448,3
4449,2.5
4450,4
4451,4
4452,4.5
4453,3.5
4454,4
4455,3.5
4456,2.5
4457,3.5
4458,4.5
4459,4
4460,3.5
4461,3.5
4462,3.5
4463,4.5
4464,4.5
4465,3
4466,2.5
4467,4
4468,3.5
4469,3.5
4470,3
4471,4
4472,4.5
4473,4.5
4474,4
4475,4
4476,4
4477,3.5
4478,3.5
4479,4
4480,3.5
4481,3
4482,3.5
4483,4.5
4484,5
4485,4
4486,4
4487,4.5
4488,3.5
4489,4
4490,3.5
4491,3
4492,3.5
4493,4.5
4494,3.5
4495,4
4496,4.5
4497,3
4498,3.5
4499,4
4500,4
4501,3.5
4502,3
4503,3.5
4504,5
4505,1.5
4506,3.5
4507,4
4508,3.5
4509,2.5
4510,5
4511,3.5
4512,3
4513,4
4514,3
4515,5
4516,2.5
4517,4
4518,2.5
4519,4.5
4520,4
4521,4
4522,2.5
4523,4
4524,4
4525,2.5
4526,4
4527,3.5
4528,4
4529,5
4530,2.5
4531,5
4532,3.5
4533,4
4534,3.5
4535,4
4536,3.5
4537,2.5
4538,4.5
4539,4
4540,4
4541,4
4542,4
4543,4.5
4544,4.5
4545,3.5
4546,3.5
4547,2.5
4548,5
4549,4.5
4550,3
4551,4
4552,2.5
4553,4.5
4554,3
4555,4.5
4556,4
4557,4
4558,3
4559,2.5
4560,4
4561,3.5
4562,3
4563,4
4564,3.5
4565,5
4566,3
4567,5
4568,3
4569,4
4570,2.5
4571,3.5
4572,3.5
4573,2
4574,3
4575,3
4576,2.5
4577,4
4578,4.5
4579,3.5
4580,3.5
4581,4
4582,2.5
4583,4.5
4584,3
4585,5
4586,4
4587,5
4588,3.5
4589,4.5
4590,4.5
4591,4.5
4592,4
4593,2.5
4594,5
4595,4
4596,3
4597,5
4598,4
4599,2.5
4600,4.5
4601,4
4602,4
4603,4.5
4604,3.5
4605,4
4606,4.5
4607,3.5
4608,3
4609,5
4610,4
4611,4
4612,4
4613,3.5
4614,4
4615,3.5
4616,4
4617,5
4618,5
4619,5
4620,4.5
4621,4
4622,5
4623,4
4624,4.5
4625,4.5
4626,5
4627,4.5
4628,2.5
4629,4.5
4630,3
4631,1
4632,3.5
4633,3.5
4634,4
4635,4.5
4636,3.5
4637,4
4638,4
4639,3.5
4640,3.5
4641,3
4642,4.5
4643,3.5
4644,3
4645,4
4646,3.5
4647,2
4648,3.5
4649,4
4650,4
4651,4
4652,3
4653,4
4654,3
4655,4.5
4656,2
4657,4
4658,5
4659,3.5
4660,3
4661,3
4662,4
4663,5
4664,3.5
4665,4
4666,2.5
4667,3.5
4668,2.5
4669,4
4670,5
4671,3.5
4672,4
4673,1.5
4674,3
4675,5
4676,4
4677,4.5
4678,2
4679,3.5
4680,4.5
4681,2.5
4682,2.5
4683,4.5
4684,4
4685,3.5
4686,5
4687,3.5
4688,4
4689,4
4690,4.5
4691,2.5
4692,5
4693,3.5
4694,3.5
4695,3
4696,4.5
4697,5
4698,3.5
4699,3.5
4700,3.5
4701,3
4702,4
4703,2.5
4704,4
4705,3
4706,2.5
4707,5
4708,3.5
4709,3.5
4710,4.5
4711,3.5
4712,3.5
4713,3
4714,5
4715,3.5
4716,3
4717,4.5
4718,4
4719,3
4720,4
4721,4.5
4722,4
4723,4.5
4724,4
4725,3.5
4726,5
4727,4.5
4728,4.5
4729,4
4730,3.5
4731,4.5
4732,3.5
4733,4
4734,3.5
4735,3
4736,3.5
4737,4
4738,1.5
4739,5
4740,2
4741,4
4742,3.5
4743,4
4744,3
4745,2
4746,4
4747,2.5
4748,4
4749,3.5
4750,4.5
4751,3.5
4752,5
4753,3.5
4754,3
4755,4
4756,3
4757,3
4758,5
4759,5
4760,4
4761,5
4762,3
4763,2.5
4764,2.5
4765,4.5
4766,3
4767,5
4768,3.5
4769,1.5
4770,5
4771,5
4772,4.5
4773,4
4774,5
4775,5
4776,3.5
4777,3.5
4778,5
4779,1.5
4780,4.5
4781,4.5
4782,3.5
4783,3.5
4784,4.5
4785,2.5
4786,4.5
4787,2
4788,2.5
4789,3.5
4790,4.5
4791,4.5
4792,4
4793,5
4794,3
4795,4.5
4796,4
4797,1
4798,3
4799,3.5
4800,4.5
4801,3.5
4802,3.5
4803,3.5
4804,3.5
4805,3
4806,4.5
4807,3.5
4808,3.5
4809,4
4810,4
4811,4
4812,4.5
4813,4
4814,3.5
4815,4.5
4816,3.5
4817,3.5
4818,4
4819,4.5
4820,4.5
4821,4
4822,5
4823,4
4824,4.5
4825,4.5
4826,3.5
4827,4.5
4828,5
4829,4
4830,4.5
4831,4.5
4832,1.5
4833,5
4834,5
4835,4
4836,5
4837,3
4838,3.5
4839,2
4840,4.5
4841,4
4842,2
4843,4
4844,4
4845,4.5
4846,5
4847,4.5
4848,3.5
4849,5
4850,5
4851,4
4852,3.5
4853,3.5
4854,4
4855,4
4856,2.5
4857,4.5
4858,2.5
4859,4.5
4860,3
4861,4.5
4862,3.5
4863,2.5
4864,4.5
4865,4
4866,4.5
4867,3.5
4868,4
4869,5
4870,4
4871,4
4872,1.5
4873,4
4874,3.5
4875,3.5
4876,4
4877,4.5
4878,4.5
4879,3
4880,3.5
4881,4.5
4882,1.5
4883,4
4884,3.5
4885,3
4886,5
4887,3.5
4888,4
4889,5
4890,5
4891,4
4892,3.5
4893,2
4894,5
4895,5
4896,2.5
4897,3.5
4898,3
4899,2.5
4900,4.5
4901,3.5
4902,4
4903,4
4904,4.5
4905,5
4906,5
4907,5
4908,2.5
4909,3.5
4910,4.5
4911,5
4912,4
4913,3.5
4914,4
4915,4
4916,4
4917,3.5
4918,3
4919,4
4920,3
4921,2
4922,4
4923,3.5
4924,2.5
4925,3.5
4926,1.5
4927,2.5
4928,5
4929,4
4930,4
4931,4.5
4932,4
4933,3.5
4934,4
4935,4.5
4936,3.5
4937,4
4938,4.5
4939,2.5
4940,4.5
4941,4
4942,4.5
4943,4.5
4944,3.5
4945,5
4946,3.5
4947,5
4948,4
4949,3.5
4950,2
4951,3
4952,4
4953,4.5
4954,4.5
4955,3.5
4956,4.5
4957,2.5
4958,3.5
4959,4.5
4960,4.5
4961,2.5
4962,4
4963,3.5
4964,2.5
4965,3
4966,1
4967,3.5
4968,2.5
4969,5
4970,2
4971,5
4972,5
4973,4
4974,4
4975,3.5
4976,4
4977,4.5
4978,5
4979,4.5
4980,3
4981,3.5
4982,2
4983,2.5
4984,4.5
4985,4
4986,4.5
4987,4
4988,3.5
4989,4
4990,2.5
4991,4
4992,3.5
4993,3.5
4994,4.5
4995,4
4996,3.5
4997,4
4998,5
4999,3.5
5000,2.5
5001,3.5
5002,2
5003,3
5004,3.5
5005,3.5
5006,4
5007,3.5
5008,5
5009,3.5
5010,4
5011,2.5
5012,3.5
5013,4
5014,4.5
5015,4.5
5016,3.5
5017,4.5
5018,3.5
5019,3.5
5020,3.5
5021,3
5022,4
5023,3.5
5024,3.5
5025,4
5026,3.5
5027,2
5028,4.5
5029,3.5
5030,2.5
5031,3
5032,3.5
5033,3.5
5034,4
5035,5
5036,3.5
5037,4.5
5038,3
5039,3
5040,3.5
5041,2
5042,3
5043,4
5044,4
5045,4
5046,5
5047,3.5
5048,4.5
5049,4.5
5050,3.5
5051,4.5
5052,3.5
5053,5
5054,4
5055,3
5056,3.5
5057,3.5
5058,4
5059,3
5060,3.5
5061,4.5
5062,2.5
5063,4.5
5064,3
5065,2.5
5066,3
5067,4.5
5068,4
5069,4
5070,4
5071,4
5072,4
5073,5
5074,2
5075,2
5076,3
5077,3.5
5078,4.5
5079,3
5080,3
5081,4
5082,4.5
5083,4
5084,3
5085,3.5
5086,4
5087,4
5088,3.5
5089,4
5090,4.5
5091,4
5092,4
5093,3.5
5094,4
5095,2.5
5096,2.5
5097,2.5
5098,4.5
5099,4.5
5100,3.5
5101,3
5102,4
5103,5
5104,3
5105,3.5
5106,3.5
5107,5
5108,4
5109,4
5110,5
5111,2.5
5112,5
5113,4
5114,4.5
5115,3.5
5116,1.5
5117,3
5118,4
5119,3.5
5120,3.5
5121,3.5
5122,4.5
5123,4
5124,4
5125,5
5126,5
5127,3
5128,2.5
5129,4
5130,4.5
5131,4
5132,4.5
5133,3.5
5134,3.5
5135,5
5136,3.5
5137,3.5
5138,3.5
5139,3
5140,5
5141,4
5142,4.5
5143,4.5
5144,3.5
5145,3.5
5146,2.5
5147,4
5148,2.5
5149,4
5150,3
5151,4
5152,2.5
5153,2
5154,2
5155,4
5156,2.5
5157,2.5
5158,3.5
5159,4
5160,5
5161,4
5162,4.5
5163,4.5
5164,3
5165,4
5166,4
5167,1.5
5168,5
5169,3.5
5170,4.5
5171,3.5
5172,3.5
5173,1
5174,4
5175,5
5176,3
5177,4.5
5178,4.5
5179,5
5180,4.5
5181,3.5
5182,4
5183,2.5
5184,2
5185,4.5
5186,3.5
5187,3
5188,4.5
5189,5
5190,3.5
5191,4.5
5192,5
5193,2.5
5194,4
5195,4
5196,2.5
5197,3
5198,2.5
5199,5
5200,4
5201,4
5202,4
5203,4.5
5204,4.5
5205,3
5206,4
5207,5
5208,2.5
5209,4.5
5210,4.5
5211,3
5212,3
5213,4
5214,4
5215,4.5
5216,3.5
5217,3
5218,3
5219,2.5
5220,4.5
5221,3
5222,4
5223,4
5224,3.5
5225,3
5226,3.5
5227,3.5
5228,3
5229,4.5
5230,3.5
5231,3
5232,4.5
5233,3.5
5234,2.5
5235,4.5
5236,2
5237,4.5
5238,3.5
5239,5
5240,3.5
5241,3.5
5242,4
5243,3.5
5244,2.5
5245,3.5
5246,4.5
5247,4.5
5248,4.5
5249,4.5
5250,4.5
5251,3
5252,5
5253,3
5254,2.5
5255,3.5
5256,4
5257,3.5
5258,4.5
5259,3
5260,4.5
5261,4
5262,3.5
5263,3.5
5264,5
5265,3.5
5266,2.5
5267,4.5
5268,4.5
5269,4.5
5270,3
5271,4.5
5272,3
5273,4
5274,4
5275,3.5
5276,3.5
5277,2.5
5278,4
5279,3.5
5280,3.5
5281,2.5
5282,4.5
5283,2
5284,2
5285,3.5
5286,1
5287,4
5288,4
5289,4
5290,3
5291,4.5
5292,5
5293,3
5294,4
5295,4.5
5296,2.5
5297,4.5
5298,4.5
5299,4
5300,2.5
5301,4
5302,3.5
5303,4
5304,5
5305,4.5
5306,1.5
5307,3.5
5308,3
5309,5
5310,4.5
5311,5
5312,1
5313,4
5314,4
5315,4.5
5316,4
5317,4
5318,3.5
5319,3.5
5320,1.5
5321,2.5
5322,4
5323,5
5324,4
5325,5
5326,3.5
5327,4
5328,2.5
5329,5
5330,4
5331,3
5332,4.5
5333,4.5
5334,4.5
5335,4
5336,4
5337,3.5
5338,2.5
5339,3.5
5340,2.5
5341,3.5
5342,4.5
5343,4
5344,4.5
5345,4
5346,2.5
5347,2.5
5348,4
5349,3
5350,3.5
5351,3.5
5352,2.5
5353,3
5354,3.5
5355,3
5356,5
5357,3
5358,5
5359,4
5360,3.5
5361,3.5
5362,3.5
5363,4
5364,4.5
5365,5
5366,3.5
5367,4.5
5368,4.5
5369,3.5
5370,4
5371,4
5372,2.5
5373,3.5
5374,2.5
5375,2.5
5376,4
5377,4
5378,2.5
5379,4
5380,4
5381,4.5
5382,4
5383,4
5384,4.5
5385,1
5386,4.5
5387,2.5
5388,4.5
5389,2.5
5390,2.5
5391,3
5392,3.5
5393,2
5394,3.5
5395,2.5
5396,3
5397,3
5398,4.5
5399,3.5
5400,3.5
5401,4
5402,3
5403,3.5
5404,4
5405,4.5
5406,4
5407,5
5408,4
5409,3.5
5410,1.5
5411,3.5
5412,4.5
5413,2
5414,2.5
5415,4
5416,4
5417,4.5
5418,3
5419,5
5420,3.5
5421,4
5422,2
5423,3
5424,3.5
5425,4
5426,4.5
5427,3
5428,4
5429,3
5430,4.5
5431,3.5
5432,4.5
5433,5
5434,5
5435,4
5436,3.5
5437,4
5438,2.5
5439,4
5440,1.5
5441,2.5
5442,3
5443,4.5
5444,2.5
5445,4.5
5446,3.5
5447,4
5448,4.5
5449,3
5450,5
5451,1.5
5452,4.5
5453,4
5454,4
5455,4
5456,2
5457,2.5
5458,4.5
5459,3
5460,4
5461,4
5462,3.5
5463,5
5464,1
5465,3.5
5466,2
5467,3
5468,3.5
5469,4
5470,5
5471,4
5472,3
5473,4.5
5474,5
5475,5
5476,3.5
5477,1.5
5478,4
5479,4.5
5480,5
5481,4
5482,5
5483,5
5484,4.5
5485,4.5
5486,5
5487,3
5488,3
5489,4
5490,2.5
5491,4.5
5492,3.5
5493,4.5
5494,2.5
5495,5
5496,3
5497,5
5498,4.5
5499,4
5500,3.5
5501,2.5
5502,3
5503,3.5
5504,2
5505,3
5506,2.5
5507,5
5508,5
5509,4
5510,3.5
5511,3.5
5512,5
5513,5
5514,3.5
5515,4.5
5516,3.5
5517,1.5
5518,3
5519,3.5
5520,3.5
5521,1.5
5522,4.5
5523,3
5524,4.5
5525,4
5526,4.5
5527,4.5
5528,3.5
5529,3.5
5530,3.5
5531,4.5
5532,4
5533,1.5
5534,3.5
5535,3
5536,3.5
5537,4
5538,4
5539,4.5
5540,3.5
5541,4
5542,4.5
5543,3
5544,3
5545,4
5546,3
5547,5
5548,2.5
5549,4.5
5550,3.5
5551,4.5
5552,3.5
5553,3.5
5554,4
5555,4
5556,3
5557,3.5
5558,2.5
5559,1
5560,3
5561,1.5
5562,4.5
5563,5
5564,3.5
5565,3.5
5566,3
5567,3.5
5568,4.5
5569,3.5
5570,1.5
5571,4
5572,2.5
5573,5
5574,4
5575,4
5576,4.5
5577,3
5578,3.5
5579,4.5
5580,2.5
5581,4
5582,5
5583,3
5584,3.5
5585,4.5
5586,4
5587,3.5
5588,4
5589,4.5
5590,3.5
5591,3.5
5592,3
5593,4.5
5594,4
5595,3.5
5596,3
5597,3.5
5598,3.5
5599,3
5600,3
5601,3.5
5602,5
5603,5
5604,4
5605,4
5606,4.5
5607,1.5
5608,4.5
5609,5
5610,3.5
5611,3.5
5612,3.5
5613,4
5614,4.5
5615,4
5616,4.5
5617,3.5
5618,5
5619,3
5620,4
5621,2.5
5622,2.5
5623,3
5624,4
5625,4
5626,5
5627,4
5628,4.5
5629,5
5630,4
5631,4
5632,3.5
5633,4.5
5634,5
5635,5
5636,3
5637,2.5
5638,3
5639,2
5640,4
5641,3.5
5642,3
5643,3.5
5644,4
5645,3.5
5646,3.5
5647,2.5
5648,3.5
5649,4
5650,3.5
5651,2.5
5652,3
5653,2
5654,5
5655,4.5
5656,4
5657,3.5
5658,4.5
5659,3
5660,4.5
5661,2.5
5662,1.5
5663,2.5
5664,4.5
5665,5
5666,3
5667,3.5
5668,3.5
5669,2.5
5670,5
5671,4
5672,4
5673,3.5
5674,4
5675,2
5676,2.5
5677,3.5
5678,4
5679,3.5
5680,3
5681,3.5
5682,4.5
5683,3
5684,4.5
5685,4
5686,4.5
5687,3.5
5688,4.5
5689,5
5690,3.5
5691,5
5692,1.5
5693,4.5
5694,3.5
5695,4
5696,4.5
5697,5
5698,3.5
5699,5
5700,3.5
5701,3
5702,4.5
5703,4
5704,3
5705,5
5706,5
5707,2.5
5708,4
5709,3.5
5710,4.5
5711,5
5712,3.5
5713,3.5
5714,4.5
5715,3
5716,1.5
5717,3.5
5718,4.5
5719,3
5720,3
5721,4.5
5722,3
5723,3
5724,4.5
5725,4.5
5726,2.5
5727,4.5
5728,3
5729,4
5730,3
5731,4
5732,4
5733,4
5734,3
5735,3.5
5736,3.5
5737,4
5738,2
5739,2.5
5740,4
5741,3.5
5742,4
5743,2.5
5744,3.5
5745,3.5
5746,4
5747,2
5748,2
5749,2.5
5750,5
5751,3.5
5752,4
5753,4.5
5754,4
5755,4.5
5756,4
5757,4.5
5758,5
5759,4
5760,4.5
5761,4
5762,4
5763,3.5
5764,2.5
5765,4
5766,4.5
5767,4
5768,4.5
5769,2.5
5770,4.5
5771,5
5772,3.5
5773,3.5
5774,4
5775,2.5
5776,3.5
5777,4.5
5778,4.5
5779,4
5780,4
5781,3.5
5782,4
5783,3.5
5784,2.5
5785,5
5786,3.5
5787,2
5788,3.5
5789,4.5
5790,3
5791,5
5792,3.5
5793,3
5794,3.5
5795,2.5
5796,3.5
5797,3
5798,4
5799,3.5
5800,5
5801,4
5802,2.5
5803,4
5804,2.5
5805,4.5
5806,4
5807,5
5808,3
5809,3.5
5810,4
5811,3.5
5812,3.5
5813,3.5
5814,2.5
5815,2.5
5816,3
5817,4.5
5818,3
5819,2
5820,4
5821,3.5
5822,3.5
5823,4.5
5824,4
5825,4.5
5826,4.5
5827,3
5828,3
5829,4
5830,3.5
5831,4
5832,3.5
5833,3.5
5834,2.5
5835,3.5
5836,4
5837,4
5838,5
5839,4
5840,4
5841,4
5842,2
5843,3
5844,3.5
5845,3
5846,1.5
5847,4.5
5848,4
5849,4
5850,4.5
5851,2.5
5852,4
5853,3.5
5854,3
5855,2.5
5856,2
5857,4
5858,4
5859,4
5860,2
5861,5
5862,4.5
5863,4
5864,2.5
5865,4
5866,5
5867,3
5868,4
5869,4
5870,5
5871,3.5
5872,3
5873,2.5
5874,2.5
5875,4
5876,4.5
5877,4.5
5878,5
5879,4
5880,4.5
5881,2.5
5882,3.5
5883,3.5
5884,4
5885,3
5886,5
5887,3
5888,3.5
5889,4.5
5890,5
5891,4.5
5892,3
5893,2
5894,3.5
5895,3.5
5896,2.5
5897,5
5898,5
5899,4
5900,3
5901,4
5902,2.5
5903,4.5
5904,3.5
5905,3.5
5906,3
5907,5
5908,4
5909,4
5910,4
5911,4
5912,3.5
5913,3.5
5914,4.5
5915,2.5
5916,3.5
5917,3
5918,3.5
5919,1.5
5920,3.5
5921,4.5
5922,4.5
5923,3.5
5924,4
5925,3.5
5926,4.5
5927,4.5
5928,4
5929,4
5930,3.5
5931,4.5
5932,4
5933,5
5934,4.5
5935,4
5936,5
5937,3
5938,3.5
5939,3.5
5940,4.5
5941,4
5942,5
5943,3.5
5944,3
5945,4
5946,3.5
5947,4.5
5948,3.5
5949,3.5
5950,3.5
5951,3.5
5952,2.5
5953,3
5954,3.5
5955,3
5956,4.5
5957,3
5958,4
5959,4
5960,3.5
5961,2
5962,4
5963,4
5964,4.5
5965,2.5
5966,3.5
5967,5
5968,3.5
5969,4.5
5970,2
5971,3.5
5972,2
5973,4
5974,4
5975,4
5976,2.5
5977,4
5978,4
5979,4
5980,4
5981,3.5
5982,2.5
5983,3.5
5984,4.5
5985,5
5986,5
5987,5
5988,3
5989,5
5990,3.5
5991,3.5
5992,4.5
5993,4
5994,5
5995,4
5996,4.5
5997,5
5998,4.5
5999,3
6000,4
6001,2.5
6002,4
6003,4
6004,4
6005,4.5
6006,4
6007,3.5
6008,3.5
6009,1.5
6010,3.5
6011,3
6012,2.5
6013,2.5
6014,3
6015,4.5
6016,4
6017,5
6018,3.5
6019,3.5
6020,5
6021,2.5
6022,3.5
6023,4
6024,3
6025,3.5
6026,4
6027,4
6028,4.5
6029,2.5
6030,5
6031,4
6032,3.5
6033,4
6034,4
6035,4
6036,5
6037,4.5
6038,3.5
6039,3.5
6040,4.5
6041,3.5
6042,3
6043,3.5
6044,4
6045,5
6046,3
6047,3.5
6048,4
6049,2
6050,3
6051,3.5
6052,3.5
6053,5
6054,3.5
6055,3
6056,1.5
6057,2.5
6058,4
6059,4
6060,3.5
6061,3.5
6062,5
6063,3.5
6064,4
6065,3.5
6066,3.5
6067,3.5
6068,5
6069,3.5
6070,3
6071,4
6072,5
6073,2.5
6074,4.5
6075,3
6076,3.5
6077,5
6078,2
6079,4
6080,4
6081,3.5
6082,4
6083,3.5
6084,2
6085,5
6086,4
6087,3.5
6088,3.5
6089,4
6090,4
6091,4.5
6092,3.5
6093,5
6094,5
6095,3.5
6096,4.5
6097,5
6098,4.5
6099,3
6100,4.5
6101,3
6102,4
6103,1.5
6104,1
6105,3.5
6106,4.5
6107,4
6108,2
6109,4.5
6110,4
6111,2
6112,3.5
6113,5
6114,4.5
6115,3.5
6116,3
6117,4
6118,4
6119,2.5
6120,3.5
6121,5
6122,4
6123,3.5
6124,4
6125,2.5
6126,3.5
6127,4.5
6128,4.5
6129,4
6130,4
6131,3
6132,5
6133,4
6134,2
6135,3.5
6136,1.5
6137,2.5
6138,4
6139,4
6140,4
6141,4.5
6142,3.5
6143,4
6144,5
6145,3
6146,2.5
6147,4.5
6148,4.5
6149,3
6150,4
6151,3
6152,3.5
6153,3
6154,4
6155,1
6156,3.5
6157,4
6158,3
6159,3
6160,2.5
6161,3.5
6162,4
6163,2.5
6164,4
6165,4.5
6166,3
6167,1.5
6168,4
6169,4
6170,5
6171,4
6172,5
6173,3
6174,3.5
6175,3.5
6176,5
6177,4.5
6178,5
6179,3
6180,5
6181,3.5
6182,2
6183,4
6184,3.5
6185,3.5
6186,3
6187,3
6188,3.5
6189,3
6190,2
6191,4.5
6192,4
6193,3.5
6194,4.5
6195,4.5
6196,2.5
6197,2.5
6198,4
6199,3.5
6200,4.5
6201,4
6202,3.5
6203,3.5
6204,3.5
6205,4
6206,4
6207,4
6208,3.5
6209,3.5
6210,5
6211,4.5
6212,4.5
6213,5
6214,5
6215,2
6216,5
6217,3.5
6218,2.5
6219,3.5
6220,2.5
6221,2.5
6222,3.5
6223,4
6224,2.5
6225,3.5
6226,4
6227,3.5
6228,3
6229,5
6230,4
6231,3.5
6232,5
6233,3.5
6234,4
6235,2.5
6236,4.5
6237,2
6238,4
6239,4.5
6240,2.5
6241,3.5
6242,3.5
6243,4.5
6244,3.5
6245,4
6246,3.5
6247,4
6248,4
6249,4
6250,3.5
6251,4.5
6252,3.5
6253,3.5
6254,4.5
6255,4.5
6256,4
6257,3.5
6258,4.5
6259,3
6260,4.5
6261,3
6262,3
6263,3.5
6264,5
6265,3.5
6266,2.5
6267,3.5
6268,3.5
6269,4
6270,5
6271,4
6272,4
6273,3
6274,4
6275,5
6276,2.5
6277,3
6278,4
6279,3.5
6280,3
6281,3
6282,4
6283,3
6284,2.5
6285,4
6286,1
6287,2.5
6288,4
6289,3
6290,3
6291,4.5
6292,4
6293,3.5
6294,3
6295,2.5
6296,3
6297,2.5
6298,4.5
6299,4.5
6300,5
6301,3.5
6302,4
6303,2.5
6304,3
6305,3.5
6306,4.5
6307,5
6308,3.5
6309,4.5
6310,3.5
6311,5
6312,3.5
6313,3.5
6314,4.5
6315,3.5
6316,3.5
6317,2.5
6318,4
6319,4.5
6320,5
6321,3.5
6322,4.5
6323,2
6324,3.5
6325,3.5
6326,3
6327,4
6328,3.5
6329,4
6330,3.5
6331,3.5
6332,4.5
6333,4
6334,3
6335,3.5
6336,3.5
6337,3.5
6338,3.5
6339,4
6340,4
6341,4
6342,5
6343,4
6344,5
6345,2.5
6346,4.5
6347,5
6348,4
6349,5
6350,3.5
6351,2.5
6352,4
6353,3.5
6354,3.5
6355,3
6356,3
6357,1.5
6358,5
6359,3.5
6360,4.5
6361,4.5
6362,5
6363,2.5
6364,3.5
6365,3.5
6366,5
6367,3
6368,2
6369,3.5
6370,4.5
6371,5
6372,4.5
6373,5
6374,3
6375,2.5
6376,4
6377,5
6378,4
6379,3
6380,3
6381,4
6382,4
6383,4.5
6384,1.5
6385,5
6386,2
6387,4.5
6388,5
6389,3.5
6390,5
6391,5
6392,4.5
6393,3
6394,4
6395,3
6396,2
6397,4
6398,5
6399,4
6400,2.5
6401,3.5
6402,4.5
6403,5
6404,4.5
6405,3
6406,4.5
6407,2.5
6408,4
6409,2.5
6410,5
6411,2
6412,5
6413,3.5
6414,3
6415,2
6416,4
6417,3.5
6418,3.5
6419,2
6420,4.5
6421,4.5
6422,4.5
6423,4
6424,3.5
6425,4.5
6426,4
6427,4
6428,3.5
6429,3.5
6430,3.5
6431,4
6432,3.5
6433,5
6434,3.5
6435,3.5
6436,3
6437,3
6438,4
6439,4
6440,4
6441,3.5
6442,3.5
6443,4
6444,3.5
6445,4
6446,3.5
6447,4
6448,4.5
6449,3
6450,3.5
6451,2.5
6452,3
6453,3
6454,3
6455,3
6456,5
6457,3.5
6458,2.5
6459,3
6460,4
6461,2.5
6462,2
6463,3
6464,3
6465,3.5
6466,2.5
6467,3
6468,3.5
6469,4
6470,4
6471,4.5
6472,4.5
6473,4.5
6474,2.5
6475,3.5
6476,2.5
6477,4
6478,4.5
6479,2
6480,3.5
6481,3
6482,4
6483,1.5
6484,3.5
6485,2.5
6486,5
6487,2.5
6488,5
6489,4
6490,4
6491,4
6492,5
6493,2.5
6494,2.5
6495,3
6496,5
6497,3.5
6498,4
6499,3
6500,3.5
6501,3.5
6502,2.5
6503,4
6504,3.5
6505,3.5
6506,3.5
6507,4
6508,4
6509,2.5
6510,2.5
6511,3
6512,4
6513,4.5
6514,5
6515,5
6516,2.5
6517,4
6518,2
6519,3.5
6520,3
6521,2
6522,5
6523,4.5
6524,2.5
6525,4
6526,4
6527,4
6528,4.5
6529,1
6530,4
6531,2.5
6532,4
6533,4.5
6534,4.5
6535,5
6536,4
6537,1
6538,3.5
6539,3
6540,4
6541,4.5
6542,3.5
6543,4.5
6544,1.5
6545,4
6546,4.5
6547,3.5
6548,3.5
6549,2
6550,4
6551,3.5
6552,3
6553,4
6554,5
6555,5
6556,2.5
6557,5
6558,2.5
6559,5
6560,3
6561,4
6562,3
6563,4
6564,4
6565,3
6566,3.5
6567,4
6568,3.5
6569,4
6570,4
6571,4.5
6572,3.5
6573,4
6574,4
6575,5
6576,5
6577,3.5
6578,3.5
6579,4.5
6580,3.5
6581,5
6582,4
6583,3.5
6584,4
6585,2.5
6586,4.5
6587,4.5
6588,3.5
6589,3.5
6590,3.5
6591,3.5
6592,3.5
6593,4
6594,5
6595,2.5
6596,4.5
6597,4
6598,4
6599,4.5
6600,3.5
6601,4
6602,3.5
6603,3
6604,3
6605,4
6606,4
6607,5
6608,4
6609,3
6610,2
6611,3
6612,4.5
6613,4
6614,4
6615,2.5
6616,3.5
6617,4
6618,3.5
6619,4.5
6620,5
6621,4.5
6622,3
6623,4.5
6624,4
6625,4
6626,2.5
6627,3.5
6628,4.5
6629,5
6630,4
6631,1
6632,4
6633,3
6634,3
6635,5
6636,4
6637,4
6638,4.5
6639,3.5
6640,3.5
6641,3
6642,4
6643,5
6644,5
6645,4
6646,2.5
6647,2.5
6648,3
6649,3.5
6650,4.5
6651,4
6652,5
6653,5
6654,4.5
6655,3.5
6656,3.5
6657,5
6658,5
6659,4.5
6660,4.5
6661,3
6662,5
6663,3.5
6664,5
6665,3
6666,4
6667,4.5
6668,3.5
6669,5
6670,5
6671,2.5
6672,3.5
6673,4
6674,3.5
6675,4
6676,3
6677,1.5
6678,3
6679,1
6680,4
6681,2.5
6682,2.5
6683,3.5
6684,2.5
6685,5
6686,4.5
6687,4.5
6688,3
6689,2.5
6690,3
6691,4
6692,5
6693,4
6694,2.5
6695,3.5
6696,3.5
6697,2.5
6698,3.5
6699,2.5
6700,3
6701,5
6702,5
6703,4
6704,3.5
6705,3.5
6706,5
6707,3.5
6708,5
6709,4.5
6710,4
6711,3.5
6712,2
6713,3
6714,2.5
6715,3
6716,3
6717,3
6718,5
6719,3.5
6720,3.5
6721,5
6722,3.5
6723,4.5
6724,4
6725,3.5
6726,1
6727,3.5
6728,3.5
6729,3.5
6730,4
6731,4.5
6732,3.5
6733,4.5
6734,3.5
6735,2.5
6736,4
6737,4.5
6738,4
6739,3.5
6740,4
6741,3.5
6742,4
6743,3
6744,4.5
6745,2.5
6746,5
6747,5
6748,4.5
6749,2
6750,4.5
6751,4
6752,2.5
6753,3.5
6754,3
6755,3.5
6756,3.5
6757,3.5
6758,4
6759,4.5
6760,1.5
6761,4
6762,4.5
6763,3
6764,3.5
6765,4.5
6766,3
6767,3.5
6768,4
6769,2.5
6770,4.5
6771,4
6772,4
6773,3.5
6774,3
6775,2
6776,5
6777,4.5
6778,3
6779,4.5
6780,5
6781,3.5
6782,3.5
6783,1
6784,5
6785,3.5
6786,5
6787,3
6788,4
6789,3
6790,4
6791,4
6792,4.5
6793,2
6794,4.5
6795,2.5
6796,5
6797,4.5
6798,4.5
6799,4
6800,1
6801,3
6802,3
6803,3.5
6804,4
6805,3
6806,4
6807,4.5
6808,4.5
6809,4
6810,4
6811,2
6812,4
6813,4.5
6814,4
6815,3
6816,2.5
6817,4.5
6818,4.5
6819,3
6820,4
6821,4
6822,4
6823,3.5
6824,4
6825,4.5
6826,4
6827,2.5
6828,2
6829,3.5
6830,2.5
6831,3.5
6832,4
6833,5
6834,5
6835,2.5
6836,4
6837,5
6838,4
6839,3.5
6840,4
6841,3.5
6842,3.5
6843,2.5
6844,3
6845,2.5
6846,5
6847,4
6848,4.5
6849,3.5
6850,4
6851,5
6852,4
6853,3
6854,4.5
6855,3.5
6856,4
6857,5
6858,4.5
6859,4
6860,4
6861,5
6862,4
6863,1.5
6864,3.5
6865,4
6866,3.5
6867,4.5
6868,4.5
6869,4.5
6870,2
6871,4
6872,2.5
6873,3
6874,3.5
6875,3
6876,5
6877,4.5
6878,2
6879,4.5
6880,3.5
6881,4
6882,5
6883,3.5
6884,3
6885,3
6886,3.5
6887,3.5
6888,4.5
6889,3.5
6890,5
6891,4.5
6892,5
6893,3
6894,4
6895,4.5
6896,3.5
6897,3
6898,4.5
6899,4.5
6900,5
6901,4
6902,2.5
6903,4
6904,3
6905,2.5
6906,2.5
6907,3.5
6908,3.5
6909,4.5
6910,4.5
6911,4
6912,2.5
6913,4
6914,4
6915,2.5
6916,4
6917,1.5
6918,4
6919,2
6920,5
6921,5
6922,4
6923,4
6924,4
6925,3.5
6926,5
6927,4
6928,4
6929,2.5
6930,4.5
6931,3.5
6932,4
6933,4.5
6934,3
6935,4
6936,3.5
6937,3.5
6938,4.5
6939,5
6940,3
6941,5
6942,4
6943,3
6944,2.5
6945,4.5
6946,3.5
6947,1
6948,3.5
6949,3.5
6950,3.5
6951,2.5
6952,2
6953,3.5
6954,3.5
6955,2.5
6956,4
6957,3.5
6958,4
6959,4
6960,4
6961,4.5
6962,4.5
6963,3.5
6964,3
6965,3
6966,3.5
6967,3
6968,2.5
6969,2
6970,4
6971,4.5
6972,2.5
6973,2.5
6974,4
6975,3.5
6976,2
6977,3.5
6978,5
6979,3.5
6980,4
6981,4
6982,3.5
6983,3.5
6984,4
6985,5
6986,4.5
6987,3.5
6988,3
6989,3.5
6990,4.5
6991,3.5
6992,3.5
6993,3.5
6994,2.5
6995,4
6996,4
6997,3.5
6998,3.5
6999,3
7000,2
7001,3.5
7002,3.5
7003,4
7004,3.5
7005,3.5
7006,3.5
7007,3
7008,3.5
7009,2.5
7010,4
7011,3.5
7012,3.5
7013,2
7014,4
7015,5
7016,2
7017,4
7018,3
7019,1
7020,3.5
7021,4
7022,2
7023,3.5
7024,4.5
7025,3
7026,2.5
7027,5
7028,4
7029,3.5
7030,3.5
7031,2
7032,4
7033,5
7034,3.5
7035,5
7036,4.5
7037,4.5
7038,2.5
7039,4
7040,3.5
7041,4
7042,3.5
7043,4.5
7044,4.5
7045,3.5
7046,3.5
7047,2.5
7048,4
7049,5
7050,3
7051,5
7052,3.5
7053,4
7054,4.5
7055,4
7056,3.5
7057,3.5
7058,4
7059,5
7060,4
7061,3.5
7062,3
7063,3.5
7064,4
7065,3
7066,5
7067,5
7068,4
7069,3
7070,4.5
7071,5
7072,4
7073,3.5
7074,4
7075,4
7076,3.5
7077,2.5
7078,4.5
7079,5
7080,5
7081,2.5
7082,4
7083,3.5
7084,3.5
7085,4.5
7086,4.5
7087,4
7088,3.5
7089,2.5
7090,3.5
7091,5
7092,3
7093,2
7094,3.5
7095,3
7096,4
7097,4
7098,5
7099,2.5
7100,4.5
7101,4
7102,2.5
7103,3.5
7104,4.5
7105,4.5
7106,3.5
7107,2.5
7108,3.5
7109,1.5
7110,3
7111,4.5
7112,4
7113,5
7114,5
7115,4.5
7116,3
7117,1.5
7118,4.5
7119,4
7120,4
7121,1.5
7122,3.5
7123,3.5
7124,4
7125,3
7126,3
7127,4
7128,4.5
7129,3.5
7130,2.5
7131,3.5
7132,4
7133,4.5
7134,2.5
7135,3.5
7136,4.5
7137,4
7138,3
7139,4
7140,3
7141,3
7142,3.5
7143,3.5
7144,3.5
7145,3.5
7146,4
7147,4
7148,3
7149,5
7150,4
7151,4.5
7152,4
7153,3
7154,1
7155,5
7156,3
7157,2
7158,3.5
7159,4
7160,5
7161,4.5
7162,4
7163,2.5
7164,4
7165,4
7166,2.5
7167,4.5
7168,4
7169,2.5
7170,3.5
7171,3.5
7172,4.5
7173,5
7174,2
7175,4
7176,4
7177,3.5
7178,3.5
7179,5
7180,3.5
7181,3
7182,4
7183,4.5
7184,4.5
7185,3
7186,5
7187,2
7188,4
7189,5
7190,4.5
7191,2.5
7192,5
7193,4
7194,5
7195,4
7196,5
7197,3.5
7198,3.5
7199,4
7200,4.5
7201,3
7202,5
7203,3
7204,3
7205,4.5
7206,4
7207,3.5
7208,3
7209,5
7210,4.5
7211,3
7212,4.5
7213,4
7214,5
7215,3
7216,3.5
7217,3.5
7218,4
7219,3.5
7220,4
7221,3.5
7222,3.5
7223,5
7224,2
7225,4
7226,4.5
7227,4.5
7228,5
7229,3.5
7230,3.5
7231,4.5
7232,5
7233,2
7234,3.5
7235,2
7236,3
7237,5
7238,4
7239,3.5
7240,4.5
7241,3.5
7242,3.5
7243,2.5
7244,4
7245,3.5
7246,5
7247,4
7248,4
7249,2.5
7250,4
7251,4
7252,4.5
7253,4
7254,3
7255,3.5
7256,3
7257,3.5
7258,3.5
7259,5
7260,3.5
7261,4.5
7262,5
7263,3.5
7264,4.5
7265,3.5
7266,4
7267,5
7268,4
7269,2.5
7270,4
7271,3.5
7272,5
7273,4
7274,3.5
7275,3.5
7276,3
7277,4
7278,5
7279,4
7280,3.5
7281,4
7282,3.5
7283,4.5
7284,3
7285,3.5
7286,3
7287,2
7288,3.5
7289,3.5
7290,3
7291,4
7292,3.5
7293,1.5
7294,4
7295,3.5
7296,3
7297,4
7298,4
7299,3.5
7300,2.5
7301,3.5
7302,4.5
7303,2
7304,2.5
7305,4
7306,2.5
7307,3
7308,4
7309,4
7310,3
7311,2.5
7312,3
7313,4
7314,4.5
7315,3.5
7316,4.5
7317,3
7318,4.5
7319,3.5
7320,4
7321,3.5
7322,2.5
7323,3.5
7324,3
7325,3.5
7326,4
7327,4
7328,4
7329,4
7330,2.5
7331,5
7332,3
7333,4
7334,5
7335,3.5
7336,5
7337,3.5
7338,1
7339,3.5
7340,4
7341,4.5
7342,4
7343,2.5
7344,3.5
7345,4.5
7346,2.5
7347,3.5
7348,4.5
7349,2
7350,4
7351,3.5
7352,4.5
7353,3.5
7354,3
7355,4
7356,3.5
7357,5
7358,3
7359,3.5
7360,2
7361,3.5
7362,4
7363,4
7364,2.5
7365,4
7366,3.5
7367,3.5
7368,4
7369,3.5
7370,3
7371,4.5
7372,3.5
7373,3.5
7374,4
7375,4.5
7376,3.5
7377,4.5
7378,3
7379,4.5
7380,4
7381,4
7382,5
7383,2.5
7384,4
7385,3.5
7386,3.5
7387,4
7388,5
7389,3.5
7390,4
7391,5
7392,4
7393,4.5
7394,4
7395,4.5
7396,2
7397,2
7398,3
7399,3
7400,4
7401,4.5
7402,2.5
7403,3
7404,4
7405,4.5
7406,2.5
7407,4
7408,2.5
7409,4
7410,4.5
7411,5
7412,2.5
7413,5
7414,3.5
7415,3
7416,2.5
7417,3.5
7418,4
7419,4
7420,2.5
7421,4.5
7422,4
7423,4
7424,4.5
7425,3.5
7426,3.5
7427,4
7428,4
7429,3.5
7430,3.5
7431,4.5
7432,3
7433,5
7434,5
7435,4
7436,3
7437,3.5
7438,3.5
7439,4
7440,4
7441,3
7442,4
7443,3.5
7444,2
7445,2.5
7446,4.5
7447,3
7448,4
7449,3
7450,4
7451,5
7452,4
7453,3.5
7454,3.5
7455,4
7456,3
7457,3
7458,4
7459,4.5
7460,4
7461,3.5
7462,3
7463,5
7464,4
7465,4
7466,3.5
7467,2.5
7468,3.5
7469,4
7470,3.5
7471,4
7472,2.5
7473,4
7474,4
7475,4
7476,3
7477,1.5
7478,4
7479,4.5
7480,3.5
7481,5
7482,3.5
7483,4.5
7484,2
7485,5
7486,3.5
7487,3
7488,2.5
7489,5
7490,3.5
7491,3.5
7492,4
7493,3.5
7494,3.5
7495,2.5
7496,3.5
7497,4
7498,4
7499,3
7500,4
7501,4.5
7502,5
7503,2.5
7504,5
7505,5
7506,4.5
7507,4
7508,3
7509,4
7510,3.5
7511,5
7512,4
7513,4.5
7514,3
7515,3.5
7516,2
7517,5
7518,5
7519,3.5
7520,3
7521,4
7522,3
7523,4.5
7524,3.5
7525,4
7526,3
7527,4.5
7528,4
7529,3.5
7530,4
7531,4
7532,3.5
7533,3.5
7534,4
7535,4
7536,4.5
7537,3
7538,2.5
7539,3
7540,4.5
7541,4
7542,2.5
7543,3
7544,3.5
7545,3.5
7546,4
7547,5
7548,3
7549,4.5
7550,2.5
7551,4.5
7552,5
7553,5
7554,4.5
7555,3
7556,3.5
7557,3
7558,3.5
7559,2.5
7560,4.5
7561,3.5
7562,3
7563,5
7564,4.5
7565,4
7566,4
7567,4.5
7568,3
7569,2.5
7570,4.5
7571,4
7572,5
7573,3.5
7574,4
7575,4
7576,4
7577,5
7578,1
7579,5
7580,4
7581,5
7582,3.5
7583,3.5
7584,5
7585,3
7586,3.5
7587,3
7588,2.5
7589,2
7590,2.5
7591,4.5
7592,5
7593,3.5
7594,4.5
7595,4
7596,4
7597,5
7598,4.5
7599,4
7600,3
7601,2.5
7602,4.5
7603,3
7604,2.5
7605,3.5
7606,3.5
7607,4
7608,2.5
7609,4
7610,3
7611,3
7612,3.5
7613,4.5
7614,4
7615,4
7616,5
7617,4.5
7618,4
7619,3.5
7620,4
7621,3
7622,4
7623,4.5
7624,3
7625,3.5
7626,4
7627,4.5
7628,5
7629,3
7630,4
7631,4
7632,4.5
7633,4
7634,4
7635,4.5
7636,5
7637,4
7638,4
7639,3.5
7640,4
7641,3.5
7642,4
7643,2.5
7644,3.5
7645,3.5
7646,2.5
7647,2
7648,2
7649,3
7650,3
7651,4
7652,3.5
7653,3.5
7654,3.5
7655,3.5
7656,3
7657,1.5
7658,3.5
7659,3.5
7660,4
7661,5
7662,3.5
7663,4
7664,4.5
7665,4
7666,1
7667,2
7668,5
7669,3.5
7670,1.5
7671,3.5
7672,4
7673,3.5
7674,2.5
7675,5
7676,2.5
7677,4
7678,3.5
7679,4
7680,4.5
7681,4.5
7682,3
7683,3
7684,5
7685,2
7686,4
7687,3.5
7688,3.5
7689,4
7690,4
7691,3.5
7692,3
7693,3.5
7694,5
7695,4.5
7696,5
7697,3.5
7698,1.5
7699,2.5
7700,3
7701,4
7702,2.5
7703,4
7704,4
7705,1
7706,1.5
7707,5
7708,2.5
7709,4
7710,4
7711,3
7712,4
7713,4.5
7714,4
7715,4.5
7716,4
7717,4
7718,3.5
7719,3
7720,4.5
7721,4
7722,4.5
7723,4.5
7724,3.5
7725,4
7726,3
7727,3.5
7728,3.5
7729,5
7730,2.5
7731,2.5
7732,4
7733,2
7734,4
7735,4
7736,5
7737,3
7738,4
7739,3.5
7740,1.5
7741,3.5
7742,5
7743,2.5
7744,5
7745,5
7746,3
7747,2.5
7748,2.5
7749,3.5
7750,3.5
7751,2.5
7752,5
7753,3.5
7754,3.5
7755,3
7756,3.5
7757,4.5
7758,2.5
7759,3.5
7760,4
7761,5
7762,4
7763,2.5
7764,4.5
7765,4
7766,3.5
7767,3
7768,4.5
7769,5
7770,4
7771,4.5
7772,3.5
7773,4.5
7774,3.5
7775,4.5
7776,3
7777,5
7778,3.5
7779,4.5
7780,3.5
7781,3.5
7782,5
7783,3.5
7784,4
7785,4
7786,5
7787,4.5
7788,2
7789,4.5
7790,4.5
7791,2.5
7792,5
7793,3.5
7794,5
7795,4.5
7796,4
7797,4
7798,3
7799,4.5
7800,4
7801,3.5
7802,5
7803,3
7804,4
7805,4
7806,3.5
7807,3
7808,3
7809,4
7810,2.5
7811,3.5
7812,4
7813,4
7814,4.5
7815,2.5
7816,3.5
7817,4
7818,2.5
7819,3.5
7820,4
7821,3.5
7822,3
7823,3.5
7824,4
7825,3.5
7826,4.5
7827,3.5
7828,4
7829,3
7830,2.5
7831,3
7832,4
7833,4.5
7834,4
7835,4.5
7836,3
7837,4
7838,2
7839,2.5
7840,2.5
7841,4.5
7842,4
7843,1.5
7844,3.5
7845,4
7846,3
7847,4.5
7848,4
7849,4.5
7850,4.5
7851,4
7852,2.5
7853,4
7854,4
7855,5
7856,5
7857,3
7858,4
7859,5
7860,4.5
7861,3.5
7862,3
7863,3.5
7864,4
7865,4
7866,3.5
7867,5
7868,4.5
7869,5
7870,4.5
7871,5
7872,4.5
7873,4
7874,2
7875,3.5
7876,5
7877,3
7878,4
7879,5
7880,4.5
7881,3
7882,4.5
7883,4.5
7884,3
7885,3
7886,3.5
7887,3.5
7888,4
7889,3.5
7890,4
7891,4
7892,4.5
7893,3.5
7894,2
7895,3.5
7896,3.5
7897,1.5
7898,5
7899,3
7900,3.5
7901,5
7902,4
7903,4.5
7904,3.5
7905,2.5
7906,4.5
7907,3
7908,4
7909,3.5
7910,2.5
7911,3.5
7912,2
7913,1.5
7914,4.5
7915,4
7916,4.5
7917,2.5
7918,3.5
7919,4.5
7920,3.5
7921,4.5
7922,3
7923,4.5
7924,3.5
7925,4.5
7926,3
7927,3
7928,5
7929,4
7930,4
7931,4.5
7932,4
7933,4.5
7934,3
7935,4
7936,3.5
7937,5
7938,4
7939,3.5
7940,2.5
7941,4.5
7942,1.5
7943,3.5
7944,3
7945,1.5
7946,3.5
7947,4.5
7948,4.5
7949,2
7950,4
7951,4
7952,3.5
7953,3.5
7954,4
7955,2.5
7956,5
7957,3.5
7958,2
7959,4.5
7960,2.5
7961,3.5
7962,2.5
7963,4.5
7964,3
7965,4
7966,4
7967,3.5
7968,3
7969,3.5
7970,2.5
7971,3.5
7972,2
7973,3
7974,4.5
7975,3.5
7976,5
7977,5
7978,2
7979,3
7980,3.5
7981,1
7982,3.5
7983,4.5
7984,2.5
7985,3
7986,2.5
7987,3.5
7988,4.5
7989,4
7990,4
7991,4.5
7992,1.5
7993,5
7994,2
7995,2.5
7996,5
7997,4
7998,1
7999,5
8000,1
8001,4.5
8002,5
8003,3
8004,3.5
8005,5
8006,4.5
8007,5
8008,3
8009,4.5
8010,3
8011,4
8012,2
8013,4.5
8014,5
8015,3.5
8016,4
8017,4
8018,3
8019,2.5
8020,4
8021,3.5
8022,3
8023,5
8024,3.5
8025,3
8026,4.5
8027,4
8028,3.5
8029,5
8030,2
8031,3.5
8032,2
8033,1.5
8034,3.5
8035,2
8036,3.5
8037,4
8038,3
8039,3.5
8040,4
8041,5
8042,3.5
8043,1
8044,4
8045,4
8046,4
8047,4.5
8048,2.5
8049,4
8050,3
8051,4.5
8052,3.5
8053,4
8054,2.5
8055,3
8056,3
8057,5
8058,5
8059,3
8060,5
8061,4
8062,4
8063,4
8064,3
8065,2.5
8066,5
8067,3.5
8068,3.5
8069,5
8070,4
8071,4
8072,3
8073,3.5
8074,2.5
8075,2.5
8076,4.5
8077,1.5
8078,3
8079,2.5
8080,3.5
8081,3.5
8082,3
8083,4.5
8084,4
8085,3.5
8086,3.5
8087,3
8088,5
8089,4
8090,3.5
8091,2.5
8092,3.5
8093,3
8094,4
8095,4.5
8096,4
8097,4.5
8098,3
8099,3.5
8100,3.5
8101,5
8102,3.5
8103,5
8104,4
8105,3.5
8106,5
8107,4.5
8108,3
8109,3
8110,3
8111,3.5
8112,4.5
8113,3
8114,5
8115,5
8116,3.5
8117,3
8118,4.5
8119,3.5
8120,5
8121,3.5
8122,3.5
8123,2.5
8124,4
8125,2.5
8126,4
8127,3
8128,4
8129,4.5
8130,2
8131,4.5
8132,4.5
8133,3
8134,4
8135,4
8136,5
8137,2.5
8138,3
8139,4
8140,5
8141,3
8142,3.5
8143,2
8144,1
8145,2
8146,3
8147,4
8148,4
8149,3
8150,4
8151,4
8152,4.5
8153,5
8154,5
8155,2
8156,3.5
8157,3
8158,4.5
8159,4
8160,5
8161,5
8162,4.5
8163,1
8164,2.5
8165,5
8166,3
8167,3.5
8168,4
8169,4.5
8170,4
8171,3.5
8172,4
8173,5
8174,2.5
8175,2.5
8176,4
8177,3
8178,4.5
8179,5
8180,5
8181,3
8182,2.5
8183,3.5
8184,5
8185,5
8186,4
8187,4
8188,3.5
8189,3.5
8190,4
8191,3
8192,2
8193,3.5
8194,5
8195,2.5
8196,4
8197,4.5
8198,3
8199,4
8200,3
8201,4
8202,4
8203,4
8204,5
8205,3
8206,4
8207,3.5
8208,2.5
8209,2.5
8210,3.5
8211,3
8212,3.5
8213,3.5
8214,4
8215,3.5
8216,2.5
8217,4
8218,4.5
8219,5
8220,3.5
8221,2.5
8222,3.5
8223,4
8224,3.5
8225,3
8226,3.5
8227,5
8228,4
8229,3.5
8230,2.5
8231,3.5
8232,4
8233,4.5
8234,4.5
8235,3
8236,3.5
8237,3.5
8238,4.5
8239,4.5
8240,4
8241,4
8242,4
8243,4
8244,3
8245,2.5
8246,4.5
8247,4
8248,4.5
8249,2.5
8250,3.5
8251,4
8252,3
8253,2.5
8254,2
8255,1
8256,5
8257,4.5
8258,4
8259,4
8260,4
8261,3
8262,3.5
8263,5
8264,3
8265,4.5
8266,3.5
8267,2.5
8268,3
8269,4.5
8270,2.5
8271,4.5
8272,4
8273,3.5
8274,3.5
8275,3
8276,4.5
8277,2.5
8278,2.5
8279,3.5
8280,4.5
8281,5
8282,5
8283,3.5
8284,4
8285,4.5
8286,3.5
8287,1.5
8288,4
8289,2
8290,3.5
8291,2.5
8292,4.5
8293,3
8294,3.5
8295,2
8296,3
8297,3.5
8298,4
8299,3.5
8300,5
8301,2.5
8302,5
8303,1
8304,5
8305,3.5
8306,3.5
8307,2.5
8308,3
8309,3
8310,5
8311,3
8312,4
8313,3.5
8314,5
8315,5
8316,4
8317,3.5
8318,3.5
8319,2.5
8320,5
8321,5
8322,4
8323,3.5
8324,3
8325,3
8326,4.5
8327,4.5
8328,4
8329,3
8330,3.5
8331,3
8332,3.5
8333,3
8334,4.5
8335,5
8336,4
8337,3.5
8338,5
8339,3
8340,5
8341,2.5
8342,3.5
8343,2.5
8344,3
8345,1
8346,3
8347,3.5
8348,4.5
8349,2
8350,3
8351,2.5
8352,3.5
8353,3.5
8354,4
8355,4
8356,3
8357,5
8358,4.5
8359,3.5
8360,3.5
8361,4.5
8362,5
8363,4
8364,3
8365,4
8366,2.5
8367,3.5
8368,4
8369,4.5
8370,3.5
8371,4
8372,4
8373,5
8374,4.5
8375,4
8376,4
8377,3
8378,3
8379,3.5
8380,2.5
8381,2
8382,4
8383,4.5
8384,4
8385,4
8386,2.5
8387,3.5
8388,4.5
8389,4
8390,2.5
8391,5
8392,5
8393,4
8394,3.5
8395,4
8396,4
8397,3.5
8398,3.5
8399,4
8400,2.5
8401,4.5
8402,3.5
8403,2.5
8404,5
8405,3.5
8406,4
8407,5
8408,5
8409,4.5
8410,5
8411,2
8412,4
8413,3.5
8414,4.5
8415,3
8416,3.5
8417,4.5
8418,3
8419,4.5
8420,5
8421,4.5
8422,5
8423,4
8424,4
8425,3
8426,5
8427,3
8428,3.5
8429,4
8430,2.5
8431,4
8432,3.5
8433,3.5
8434,3
8435,5
8436,5
8437,5
8438,3
8439,4.5
8440,4
8441,4
8442,3
8443,3.5
8444,3.5
8445,3.5
8446,4.5
8447,3.5
8448,4.5
8449,3
8450,2
8451,4
8452,2.5
8453,4.5
8454,4
8455,2.5
8456,2.5
8457,3.5
8458,2.5
8459,3
8460,4
8461,4
8462,3
8463,4
8464,4
8465,1
8466,4
8467,4.5
8468,3.5
8469,3
8470,4
8471,5
8472,3.5
8473,2.5
8474,3.5
8475,4
8476,4.5
8477,3
8478,4
8479,3.5
8480,3
8481,5
8482,4
8483,2.5
8484,3.5
8485,4
8486,2
8487,2.5
8488,5
8489,4.5
8490,3.5
8491,3.5
8492,4.5
8493,3.5
8494,3.5
8495,4.5
8496,4
8497,3.5
8498,3.5
8499,3
8500,3.5
8501,4
8502,4
8503,4
8504,3
8505,3
8506,4.5
8507,4.5
8508,3.5
8509,5
8510,5
8511,5
8512,4
8513,2.5
8514,3.5
8515,3.5
8516,4
8517,2
8518,5
8519,3.5
8520,4.5
8521,3
8522,3
8523,4.5
8524,3
8525,3.5
8526,4
8527,5
8528,2.5
8529,4.5
8530,3.5
8531,4
8532,5
8533,4
8534,3.5
8535,4
8536,2.5
8537,2.5
8538,5
8539,4.5
8540,2.5
8541,4
8542,3.5
8543,4
8544,2.5
8545,1.5
8546,4
8547,3
8548,4.5
8549,4
8550,5
8551,2
8552,2
8553,3.5
8554,3.5
8555,4
8556,4.5
8557,4.5
8558,3.5
8559,5
8560,3.5
8561,4
8562,4
8563,4
8564,4
8565,4
8566,4.5
8567,2.5
8568,2
8569,4.5
8570,3.5
8571,3
8572,3.5
8573,3
8574,4.5
8575,3.5
8576,4
8577,1.5
8578,4.5
8579,2.5
8580,3.5
8581,2.5
8582,3.5
8583,3
8584,4
8585,2.5
8586,4
8587,3.5
8588,3.5
8589,3.5
8590,4.5
8591,4
8592,3.5
8593,4
8594,3.5
8595,4.5
8596,4
8597,3
8598,2
8599,3.5
8600,2.5
8601,5
8602,3.5
8603,4
8604,2
8605,3.5
8606,4.5
8607,4
8608,4
8609,4
8610,3
8611,4
8612,3
8613,4
8614,3.5
8615,5
8616,4
8617,3.5
8618,2.5
8619,4
8620,3
8621,3
8622,4.5
8623,4
8624,4.5
8625,2.5
8626,3.5
8627,2
8628,3.5
8629,3.5
8630,3.5
8631,1
8632,3.5
8633,3.5
8634,4.5
8635,2.5
8636,3.5
8637,4
8638,4
8639,2.5
8640,5
8641,2.5
8642,4.5
8643,4.5
8644,4
8645,3.5
8646,4
8647,3.5
8648,5
8649,2.5
8650,4
8651,2.5
8652,5
8653,4.5
8654,5
8655,2.5
8656,3
8657,2.5
8658,3
8659,4
8660,4
8661,4
8662,2.5
8663,5
8664,2.5
8665,4
8666,5
8667,5
8668,2.5
8669,3.5
8670,4
8671,3.5
8672,5
8673,2
8674,3.5
8675,4
8676,2.5
8677,4
8678,4.5
8679,4.5
8680,5
8681,4.5
8682,3.5
8683,3.5
8684,3
8685,4.5
8686,3.5
8687,3
8688,3.5
8689,4
8690,4
8691,4
8692,4.5
8693,5
8694,5
8695,2.5
8696,3.5
8697,3.5
8698,3
8699,3.5
8700,2
8701,2.5
8702,4.5
8703,2
8704,3.5
8705,3.5
8706,2.5
8707,3.5
8708,3.5
8709,5
8710,5
8711,3.5
8712,2
8713,5
8714,4.5
8715,3
8716,4.5
8717,3.5
8718,3
8719,4
8720,4
8721,4
8722,4
8723,4
8724,4.5
8725,2.5
8726,3.5
8727,4.5
8728,4
8729,3
8730,4
8731,3.5
8732,3
8733,4.5
8734,5
8735,3.5
8736,4.5
8737,5
8738,1.5
8739,1.5
8740,4.5
8741,3.5
8742,3
8743,3
8744,4
8745,2
8746,5
8747,3
8748,3
8749,5
8750,4.5
8751,4
8752,4
8753,4.5
8754,4.5
8755,5
8756,3.5
8757,4
8758,3
8759,4.5
8760,3.5
8761,4.5
8762,4.5
8763,4.5
8764,4
8765,2
8766,5
8767,4
8768,2.5
8769,3
8770,3.5
8771,5
8772,5
8773,2.5
8774,4
8775,1.5
8776,3
8777,3.5
8778,4.5
8779,4
8780,5
8781,3.5
8782,4.5
8783,2.5
8784,3.5
8785,2.5
8786,4
8787,5
8788,2.5
8789,3.5
8790,2
8791,3.5
8792,5
8793,2
8794,4
8795,4
8796,4
8797,4
8798,3.5
8799,5
8800,4.5
8801,3.5
8802,3
8803,4
8804,4
8805,2
8806,4.5
8807,4.5
8808,2.5
8809,3
8810,5
8811,3.5
8812,4
8813,3
8814,4.5
8815,3
8816,4
8817,2.5
8818,3
8819,4
8820,4
8821,4
8822,4
8823,4.5
8824,2.5
8825,4
8826,4
8827,3
8828,5
8829,3.5
8830,5
8831,4.5
8832,3.5
8833,4
8834,3.5
8835,4
8836,5
8837,5
8838,2.5
8839,4
8840,3
8841,4.5
8842,3.5
8843,3.5
8844,3.5
8845,3
8846,3
8847,4.5
8848,2
8849,4
8850,3
8851,4.5
8852,3.5
8853,2.5
8854,4
8855,2.5
8856,5
8857,2.5
8858,1.5
8859,3.5
8860,3.5
8861,4
8862,3.5
8863,4
8864,3.5
8865,3
8866,3.5
8867,4.5
8868,1.5
8869,4.5
8870,5
8871,4
8872,2
8873,3.5
8874,3.5
8875,4
8876,5
8877,4.5
8878,4.5
8879,3.5
8880,3.5
8881,3.5
8882,3.5
8883,4
8884,3
8885,2
8886,3
8887,4
8888,1.5
8889,2.5
8890,3.5
8891,4
8892,5
8893,3
8894,2.5
8895,2.5
8896,3.5
8897,3.5
8898,4.5
8899,3.5
8900,4.5
8901,3.5
8902,3.5
8903,4
8904,2.5
8905,4
8906,3
8907,3.5
8908,3.5
8909,3.5
8910,3.5
8911,3.5
8912,4
8913,4
8914,1
8915,4.5
8916,2
8917,4.5
8918,3.5
8919,4.5
8920,3.5
8921,4.5
8922,3.5
8923,3.5
8924,2.5
8925,4
8926,4
8927,4.5
8928,4.5
8929,4
8930,4
8931,4
8932,3.5
8933,4
8934,3
8935,4
8936,4.5
8937,5
8938,3
8939,4
8940,4
8941,4
8942,4.5
8943,4.5
8944,3.5
8945,4
8946,3.5
8947,5
8948,2.5
8949,3.5
8950,3.5
8951,3.5
8952,4
8953,4
8954,3.5
8955,2.5
8956,4
8957,4
8958,2.5
8959,2.5
8960,4
8961,5
8962,3.5
8963,4.5
8964,3.5
8965,3.5
8966,3
8967,1
8968,3
8969,4
8970,2
8971,3.5
8972,2.5
8973,4.5
8974,5
8975,2
8976,4
8977,2.5
8978,2.5
8979,5
8980,3
8981,3.5
8982,2.5
8983,5
8984,4
8985,3
8986,2
8987,4
8988,3
8989,3
8990,4.5
8991,2.5
8992,2.5
8993,4
8994,5
8995,4.5
8996,4.5
8997,3
8998,3.5
8999,3
9000,4
9001,3.5
9002,3.5
9003,3.5
9004,5
9005,2
9006,4.5
9007,3.5
9008,5
9009,2.5
9010,4
9011,5
9012,5
9013,3
9014,3.5
9015,4
9016,4
9017,2
9018,4
9019,3.5
9020,3.5
9021,3.5
9022,4.5
9023,2
9024,2.5
9025,3.5
9026,3
9027,2
9028,3.5
9029,3.5
9030,1.5
9031,1.5
9032,4
9033,4
9034,4
9035,3.5
9036,4.5
9037,3
9038,3.5
9039,3
9040,1.5
9041,4.5
9042,4
9043,2
9044,4
9045,4
9046,2
9047,3.5
9048,4
9049,4
9050,4.5
9051,3.5
9052,5
9053,3
9054,4
9055,2.5
9056,4
9057,3.5
9058,4.5
9059,4.5
9060,3.5
9061,3
9062,4
9063,4.5
9064,3
9065,3
9066,1
9067,3
9068,4
9069,4
9070,4
9071,4
9072,4
9073,3.5
9074,3.5
9075,4
9076,5
9077,3
9078,3
9079,3.5
9080,3.5
9081,2.5
9082,3.5
9083,3.5
9084,4.5
9085,4
9086,4.5
9087,4.5
9088,3.5
9089,3
9090,3.5
9091,5
9092,4
9093,4.5
9094,3.5
9095,3.5
9096,4
9097,2.5
9098,4
9099,4.5
9100,3.5
9101,3
9102,1.5
9103,1
9104,4.5
9105,3.5
9106,5
9107,2.5
9108,4.5
9109,4
9110,5
9111,3
9112,4
9113,3
9114,3
9115,5
9116,4
9117,4
9118,4
9119,3.5
9120,4.5
9121,3.5
9122,4.5
9123,3.5
9124,3.5
9125,4.5
9126,5
9127,4
9128,5
9129,3.5
9130,3.5
9131,3.5
9132,2.5
9133,4
9134,3.5
9135,4
9136,4
9137,3
9138,4
9139,4.5
9140,3.5
9141,3.5
9142,3.5
9143,5
9144,3.5
9145,5
9146,3
9147,2
9148,3.5
9149,2.5
9150,5
9151,3.5
9152,3.5
9153,2.5
9154,3
9155,4.5
9156,4
9157,5
9158,3
9159,5
9160,3
9161,3
9162,3
9163,3
9164,4
9165,3
9166,3
9167,2
9168,3.5
9169,2.5
9170,4.5
9171,4.5
9172,3.5
9173,4.5
9174,3
9175,2
9176,5
9177,2
9178,3.5
9179,5
9180,4.5
9181,3.5
9182,3.5
9183,2.5
9184,4
9185,3.5
9186,3
9187,4
9188,5
9189,3.5
9190,3
9191,3.5
9192,4
9193,3
9194,2.5
9195,2.5
9196,4.5
9197,5
9198,3.5
9199,3
9200,4
9201,4
9202,2.5
9203,4
9204,5
9205,4
9206,5
9207,3.5
9208,4
9209,4.5
9210,3
9211,3
9212,3.5
9213,2
9214,4
9215,2.5
9216,3
9217,3.5
9218,5
9219,4.5
9220,3.5
9221,4
9222,4
9223,4.5
9224,2.5
9225,4.5
9226,4.5
9227,4
9228,4
9229,4.5
9230,1.5
9231,2.5
9232,5
9233,3.5
9234,4.5
9235,4
9236,2.5
9237,2
9238,4
9239,3.5
9240,3.5
9241,3.5
9242,1
9243,4.5
9244,4
9245,4.5
9246,4
9247,3.5
9248,4.5
9249,5
9250,4.5
9251,5
9252,4
9253,5
9254,4
9255,5
9256,3.5
9257,3
9258,4
9259,4.5
9260,3.5
9261,4.5
9262,3.5
9263,4.5
9264,3
9265,3
9266,4.5
9267,1.5
9268,4
9269,1
9270,4
9271,5
9272,4
9273,3.5
9274,5
9275,4
9276,4.5
9277,3
9278,3.5
9279,4
9280,3.5
9281,2.5
9282,4.5
9283,3.5
9284,4.5
9285,4
9286,3.5
9287,4.5
9288,5
9289,3.5
9290,3
9291,4
9292,5
9293,3.5
9294,4.5
9295,5
9296,3
9297,4
9298,3
9299,4.5
9300,3
9301,2.5
9302,4
9303,2.5
9304,3.5
9305,3.5
9306,4.5
9307,2.5
9308,4.5
9309,2.5
9310,4
9311,5
9312,4
9313,5
9314,3.5
9315,4
9316,4
9317,4
9318,4
9319,4
9320,4.5
9321,3.5
9322,5
9323,3.5
9324,3.5
9325,5
9326,4
9327,3.5
9328,5
9329,5
9330,3.5
9331,3.5
9332,3.5
9333,3
9334,3.5
9335,4
9336,3.5
9337,3
9338,3.5
9339,2.5
9340,3.5
9341,4
9342,3.5
9343,4
9344,3.5
9345,3.5
9346,2
9347,4.5
9348,3
9349,3.5
9350,4
9351,5
9352,4.5
9353,3
9354,3.5
9355,2.5
9356,3.5
9357,3.5
9358,2
9359,3.5
9360,4.5
9361,3
9362,3
9363,3.5
9364,3
9365,3.5
9366,4
9367,5
9368,4
9369,5
9370,4
9371,4
9372,2.5
9373,4
9374,3.5
9375,4.5
9376,4
9377,4
9378,4.5
9379,3
9380,5
9381,4
9382,4
9383,5
9384,3
9385,4
9386,4.5
9387,5
9388,5
9389,4
9390,3.5
9391,3
9392,4
9393,5
9394,4.5
9395,3
9396,3.5
9397,3
9398,2.5
9399,3
9400,3.5
9401,2.5
9402,4
9403,2
9404,3
9405,4.5
9406,4
9407,5
9408,5
9409,4
9410,4
9411,2
9412,4
9413,4
9414,3.5
9415,4.5
9416,3.5
9417,3
9418,5
9419,3
9420,4
9421,3.5
9422,5
9423,4
9424,3.5
9425,2.5
9426,4.5
9427,3.5
9428,3.5
9429,4
9430,4
9431,3.5
9432,2.5
9433,1
9434,4
9435,4
9436,4.5
9437,5
9438,5
9439,3.5
9440,4
9441,4
9442,5
9443,3.5
9444,3.5
9445,3.5
9446,4
9447,3.5
9448,2.5
9449,4.5
9450,4
9451,4
9452,3.5
9453,2.5
9454,4
9455,5
9456,2.5
9457,4
9458,2
9459,4
9460,4
9461,4
9462,4.5
9463,4.5
9464,2
9465,4
9466,4
9467,4
9468,5
9469,5
9470,4
9471,4
9472,5
9473,4
9474,2.5
9475,3.5
9476,5
9477,4.5
9478,4
9479,4
9480,5
9481,3.5
9482,3.5
9483,2
9484,4
9485,2.5
9486,3.5
9487,2.5
9488,4
9489,5
9490,3
9491,4
9492,3.5
9493,5
9494,3
9495,3
9496,4
9497,3.5
9498,4.5
9499,1
9500,3
9501,4.5
9502,4
9503,3.5
9504,2.5
9505,5
9506,3
9507,3.5
9508,2
9509,4
9510,5
9511,5
9512,4
9513,3.5
9514,3.5
9515,3.5
9516,2.5
9517,3
9518,3
9519,4.5
9520,4
9521,4.5
9522,3.5
9523,4.5
9524,5
9525,5
9526,5
9527,4
9528,4.5
9529,4
9530,5
9531,4
9532,3
9533,4
9534,3
9535,4
9536,2.5
9537,2.5
9538,4.5
9539,1.5
9540,2.5
9541,3.5
9542,5
9543,5
9544,3.5
9545,3.5
9546,5
9547,4
9548,1
9549,4
9550,3
9551,3.5
9552,3.5
9553,2.5
9554,2
9555,3
9556,4.5
9557,4
9558,4.5
9559,4
9560,3
9561,4.5
9562,1.5
9563,3
9564,4.5
9565,5
9566,4
9567,3.5
9568,1.5
9569,3.5
9570,4
9571,4
9572,3.5
9573,4.5
9574,3.5
9575,4.5
9576,4.5
9577,3
9578,4.5
9579,3.5
9580,2.5
9581,4
9582,4
9583,3
9584,4
9585,3.5
9586,4
9587,5
9588,4
9589,4
9590,3.5
9591,4
9592,4.5
9593,4
9594,3.5
9595,4.5
9596,5
9597,4
9598,3
9599,3
9600,3.5
9601,2.5
9602,4
9603,3.5
9604,5
9605,4.5
9606,4
9607,3.5
9608,4.5
9609,3
9610,3
9611,2.5
9612,1
9613,3
9614,3
9615,4.5
9616,3.5
9617,2
9618,3
9619,4.5
9620,5
9621,4
9622,4
9623,2.5
9624,4.5
9625,4
9626,3
9627,5
9628,4
9629,4
9630,3.5
9631,3.5
9632,4
9633,4.5
9634,4
9635,5
9636,3
9637,3
9638,3
9639,3
9640,4
9641,2.5
9642,2.5
9643,3.5
9644,5
9645,4.5
9646,3
9647,3.5
9648,3.5
9649,5
9650,4
9651,4
9652,3.5
9653,4
9654,3
9655,3
9656,3.5
9657,4.5
9658,4.5
9659,2.5
9660,4.5
9661,4
9662,2.5
9663,1.5
9664,2.5
9665,2
9666,3
9667,3
9668,5
9669,3.5
9670,3.5
9671,4.5
9672,4
9673,3.5
9674,5
9675,4.5
9676,3.5
9677,4
9678,4.5
9679,3.5
9680,4
9681,3.5
9682,4
9683,2
9684,3.5
9685,4.5
9686,5
9687,3.5
9688,4
9689,4
9690,3
9691,5
9692,3
9693,4.5
9694,4.5
9695,3.5
9696,2.5
9697,5
9698,4
9699,4
9700,4.5
9701,5
9702,4
9703,1.5
9704,3.5
9705,4.5
9706,4.5
9707,2.5
9708,4.5
9709,4
9710,1
9711,4.5
9712,3.5
9713,4.5
9714,4
9715,3.5
9716,5
9717,3.5
9718,4.5
9719,5
9720,5
9721,3.5
9722,5
9723,4.5
9724,4.5
9725,2
9726,3.5
9727,4
9728,5
9729,2.5
9730,3.5
9731,1.5
9732,3.5
9733,3.5
9734,3.5
9735,4
9736,3
9737,4.5
9738,4.5
9739,5
9740,4
9741,4.5
9742,3
9743,4.5
9744,3.5
9745,3
9746,3
9747,5
9748,4
9749,4
9750,3.5
9751,5
9752,5
9753,4
9754,5
9755,4
9756,3.5
9757,2.5
9758,2.5
9759,4
9760,5
9761,2.5
9762,2
9763,4
9764,3
9765,3.5
9766,3.5
9767,3
9768,3.5
9769,2
9770,3.5
9771,3
9772,3
9773,3.5
9774,3
9775,2.5
9776,5
9777,2.5
9778,5
9779,4.5
9780,4.5
9781,3.5
9782,3
9783,4
9784,4.5
9785,3.5
9786,4
9787,3
9788,3.5
9789,5
9790,4.5
9791,3
9792,4
9793,3
9794,2.5
9795,4
9796,4
9797,2
9798,3
9799,3
9800,2
9801,4
9802,3.5
9803,4
9804,3.5
9805,3
9806,3
9807,4.5
9808,3.5
9809,2.5
9810,5
9811,4.5
9812,4
9813,2.5
9814,2.5
9815,3.5
9816,4
9817,5
9818,3
9819,4
9820,4
9821,3.5
9822,4
9823,3
9824,3
9825,2.5
9826,4
9827,1
9828,3.5
9829,5
9830,4.5
9831,3.5
9832,2
9833,2
9834,3.5
9835,3.5
9836,3
9837,2.5
9838,3
9839,4
9840,4.5
9841,2.5
9842,4.5
9843,4.5
9844,3.5
9845,5
9846,3
9847,3
9848,3.5
9849,4.5
9850,4.5
9851,3
9852,1
9853,4.5
9854,2
9855,4.5
9856,3
9857,2.5
9858,3
9859,4
9860,4
9861,3
9862,3
9863,5
9864,4.5
9865,3.5
9866,5
9867,4.5
9868,3
9869,4.5
9870,3.5
9871,4
9872,3.5
9873,5
9874,3.5
9875,3.5
9876,5
9877,3.5
9878,4.5
9879,2
9880,4
9881,4
9882,4
9883,3.5
9884,1.5
9885,2.5
9886,3
9887,3.5
9888,3
9889,4.5
9890,5
9891,3.5
9892,4
9893,3
9894,4.5
9895,3.5
9896,5
9897,3
9898,4
9899,3
9900,4.5
9901,3.5
9902,4
9903,3.5
9904,4.5
9905,2
9906,2
9907,3
9908,3.5
9909,3.5
9910,3.5
9911,4
9912,4
9913,3.5
9914,2.5
9915,4
9916,4
9917,3
9918,3
9919,4.5
9920,3.5
9921,2.5
9922,3.5
9923,3.5
9924,3
9925,4
9926,4
9927,3
9928,3
9929,4.5
9930,5
9931,2.5
9932,4.5
9933,3
9934,4
9935,3.5
9936,2.5
9937,3.5
9938,5
9939,3
9940,3
9941,5
9942,4.5
9943,4
9944,3.5
9945,3.5
9946,4
9947,1
9948,4.5
9949,2.5
9950,1
9951,3
9952,4
9953,2
9954,3
9955,2.5
9956,4
9957,4
9958,4
9959,5
9960,4
9961,5
9962,3.5
9963,2.5
9964,4
9965,2.5
9966,3
9967,3.5
9968,4.5
9969,5
9970,4
9971,3
9972,3.5
9973,4
9974,5
9975,4
9976,3
9977,2.5
9978,3.5
9979,3.5
9980,2.5
9981,4.5
9982,5
9983,3
9984,2.5
9985,3.5
9986,4.5
9987,4.5
9988,3.5
9989,4.5
9990,3.5
9991,3.5
9992,4
9993,4
9994,4
9995,5
9996,3.5
9997,4
9998,3
9999,3
10000,4
10001,4
10002,4
10003,4
10004,4.5
10005,2.5
10006,3
10007,4
10008,3
10009,4.5
10010,3
10011,2
10012,2
10013,3.5
10014,3.5
10015,4
10016,3
10017,4
10018,3
10019,4.5
10020,4.5
10021,4.5
10022,4
10023,4
10024,2.5
10025,4
10026,3
10027,5
10028,4
10029,4.5
10030,5
10031,4
10032,4
10033,4
10034,4
10035,3.5
10036,3
10037,3
10038,4
10039,2.5
10040,4
10041,3
10042,4.5
10043,2.5
10044,2.5
10045,1
10046,3.5
10047,3
10048,3.5
10049,2.5
10050,5
10051,2.5
10052,3
10053,2
10054,2.5
10055,3
10056,4
10057,5
10058,4.5
10059,4.5
10060,4
10061,2
10062,4
10063,5
10064,3
10065,3
10066,3.5
10067,3
10068,3.5
10069,3
10070,4
10071,3.5
10072,2.5
10073,3.5
10074,3.5
10075,3.5
10076,3.5
10077,3.5
10078,3.5
10079,3.5
10080,3.5
10081,5
10082,2.5
10083,3
10084,5
10085,4
10086,4
10087,3.5
10088,5
10089,3.5
10090,5
10091,4
10092,4.5
10093,3.5
10094,3.5
10095,3.5
10096,4
10097,3
10098,3.5
10099,4
10100,3.5
10101,2.5
10102,2.5
10103,3
10104,4
10105,5
10106,4
10107,3.5
10108,4
10109,3.5
10110,4
10111,4
10112,4.5
10113,4
10114,2.5
10115,3.5
10116,4
10117,4
10118,3.5
10119,4
10120,4.5
10121,4
10122,4
10123,5
10124,3
10125,4.5
10126,3.5
10127,3
10128,3.5
10129,4.5
10130,3.5
10131,4
10132,3
10133,2.5
10134,4
10135,2.5
10136,4
10137,4.5
10138,4
10139,4.5
10140,4.5
10141,3
10142,2
10143,3
10144,5
10145,1.5
10146,5
10147,4
10148,4.5
10149,3.5
10150,2.5
10151,4.5
10152,4.5
10153,4
10154,4
10155,3.5
10156,4.5
10157,4
10158,4.5
10159,5
10160,4.5
10161,4
10162,2.5
10163,5
10164,4.5
10165,4
10166,4.5
10167,5
10168,5
10169,4
10170,3
10171,3.5
10172,5
10173,5
10174,3.5
10175,3.5
10176,2.5
10177,5
10178,4
10179,4
10180,3
10181,4
10182,4
10183,2.5
10184,4.5
10185,4
10186,3.5
10187,3.5
10188,4
10189,2.5
10190,4
10191,4
10192,2.5
10193,5
10194,3.5
10195,5
10196,5
10197,2
10198,3.5
10199,4
10200,3
10201,4.5
10202,4
10203,4
10204,4
10205,4.5
10206,2.5
10207,2.5
10208,1.5
10209,4
10210,3.5
10211,3
10212,4
10213,4
10214,4
10215,4
10216,4
10217,3.5
10218,3
10219,3
10220,5
10221,5
10222,1.5
10223,3
10224,4
10225,2.5
10226,3
10227,4
10228,3
10229,3
10230,4
10231,5
10232,5
10233,3.5
10234,3.5
10235,3
10236,5
10237,4
10238,4
10239,3.5
10240,1.5
10241,3
10242,4.5
10243,4
10244,4.5
10245,4.5
10246,3.5
10247,5
10248,4.5
10249,2.5
10250,4
10251,3.5
10252,3.5
10253,4.5
10254,5
10255,5
10256,4
10257,5
10258,4.5
10259,4
10260,3
10261,3
10262,3.5
10263,2
10264,2.5
10265,5
10266,4.5
10267,3.5
10268,4
10269,3
10270,4.5
10271,5
10272,3.5
10273,4
10274,3
10275,3.5
10276,3
10277,3
10278,4.5
10279,3
10280,4.5
10281,4
10282,4.5
10283,3.5
10284,4
10285,4.5
10286,3.5
10287,4
10288,3
10289,3.5
10290,4.5
10291,3
10292,2
10293,5
10294,3.5
10295,4.5
10296,4.5
10297,3.5
10298,2
10299,4.5
10300,2.5
10301,3.5
10302,3
10303,5
10304,3.5
10305,3
10306,4
10307,1
10308,5
10309,4.5
10310,4
10311,2.5
10312,3
10313,3.5
10314,3
10315,4
10316,4
10317,4
10318,2
10319,3.5
10320,3.5
10321,5
10322,5
10323,5
10324,4
10325,4
10326,3
10327,4
10328,2
10329,4.5
10330,2.5
10331,3.5
10332,4.5
10333,4.5
10334,4.5
10335,3.5
10336,2.5
10337,5
10338,4
10339,3
10340,5
10341,3.5
10342,3.5
10343,4
10344,3.5
10345,3
10346,4.5
10347,4
10348,3.5
10349,4
10350,1
10351,4.5
10352,4
10353,2.5
10354,3.5
10355,4
10356,3.5
10357,4
10358,4
10359,3.5
10360,2
10361,4.5
10362,4.5
10363,4
10364,1.5
10365,4
10366,3.5
10367,3.5
10368,3
10369,3
10370,4
10371,2.5
10372,3.5
10373,4
10374,4
10375,3.5
10376,2
10377,3
10378,2
10379,4
10380,3.5
10381,4
10382,4.5
10383,3.5
10384,3.5
10385,3
10386,4
10387,4
10388,4
10389,4.5
10390,3.5
10391,3.5
10392,3.5
10393,3
10394,4
10395,4
10396,2.5
10397,3.5
10398,4
10399,4
10400,3.5
10401,3
10402,3.5
10403,2.5
10404,3.5
10405,4.5
10406,3
10407,4.5
10408,2.5
10409,4.5
10410,5
10411,4.5
10412,3.5
10413,5
10414,4
10415,4
10416,3.5
10417,2.5
10418,4
10419,4
10420,4
10421,4
10422,3.5
10423,3
10424,3
10425,3
10426,3.5
10427,5
10428,4
10429,3.5
10430,2
10431,4
10432,4
10433,3
10434,2.5
10435,3
10436,3.5
10437,4.5
10438,3.5
10439,5
10440,3.5
10441,4
10442,2
10443,4
10444,4
10445,1.5
10446,3.5
10447,3.5
10448,4.5
10449,4
10450,3.5
10451,4
10452,3.5
10453,3.5
10454,3.5
10455,3
10456,4
10457,5
10458,3.5
10459,3
10460,3
10461,4.5
10462,4.5
10463,5
10464,4
10465,4
10466,4.5
10467,3
10468,3.5
10469,4.5
10470,3.5
10471,3.5
10472,4
10473,4
10474,4.5
10475,4
10476,3.5
10477,4
10478,4.5
10479,3.5
10480,3
10481,3.5
10482,4.5
10483,3.5
10484,2.5
10485,4
10486,4
10487,3.5
10488,2.5
10489,3.5
10490,1.5
10491,4.5
10492,2.5
10493,5
10494,4
10495,4
10496,4.5
10497,2
10498,3
10499,3.5
10500,4
10501,2.5
10502,4
10503,3
10504,4
10505,4.5
10506,4.5
10507,4
10508,3.5
10509,3.5
10510,4
10511,3.5
10512,4
10513,5
10514,3
10515,4
10516,3.5
10517,4
10518,3
10519,4
10520,3
10521,3.5
10522,4
10523,2.5
10524,3.5
10525,3.5
10526,3
10527,3.5
10528,3.5
10529,5
10530,4.5
10531,5
10532,4
10533,2.5
10534,3.5
10535,3.5
10536,3
10537,3.5
10538,5
10539,4.5
10540,4.5
10541,2.5
10542,3.5
10543,4
10544,4.5
10545,4.5
10546,4.5
10547,2.5
10548,3.5
10549,4
10550,4
10551,3
10552,2
10553,4.5
10554,5
10555,3
10556,4.5
10557,4.5
10558,4.5
10559,3.5
10560,3.5
10561,4
10562,3.5
10563,5
10564,4
10565,3.5
10566,4
10567,4
10568,4.5
10569,5
10570,3.5
10571,3.5
10572,4
10573,3
10574,2.5
10575,2
10576,3.5
10577,3.5
10578,2.5
10579,4
10580,4
10581,4
10582,2
10583,5
10584,2.5
10585,1.5
10586,2.5
10587,5
10588,5
10589,4.5
10590,4
10591,4
10592,4.5
10593,4
10594,3
10595,3
10596,3
10597,3.5
10598,4.5
10599,2.5
10600,1.5
10601,3
10602,4.5
10603,3
10604,4
10605,4.5
10606,3
10607,2
10608,4.5
10609,3.5
10610,2
10611,4
10612,5
10613,4.5
10614,5
10615,2.5
10616,4
10617,3
10618,2
10619,4.5
10620,2
10621,4
10622,4.5
10623,5
10624,5
10625,3.5
10626,1.5
10627,3.5
10628,3.5
10629,2.5
10630,3.5
10631,3.5
10632,3.5
10633,4.5
10634,3
10635,2.5
10636,3.5
10637,3.5
10638,3
10639,3.5
10640,4.5
10641,2.5
10642,4.5
10643,3.5
10644,4
10645,3.5
10646,5
10647,2.5
10648,3
10649,3.5
10650,1.5
10651,5
10652,2
10653,4.5
10654,4
10655,3.5
10656,3.5
10657,4.5
10658,5
10659,4
10660,3
10661,4
10662,1.5
10663,1.5
10664,3.5
10665,4
10666,2.5
10667,4
10668,1.5
10669,3
10670,2
10671,3.5
10672,3.5
10673,3
10674,3
10675,4
10676,3.5
10677,4
10678,5
10679,4
10680,4.5
10681,4
10682,3.5
10683,3
10684,3
10685,3
10686,4.5
10687,3.5
10688,3
10689,4
10690,4.5
10691,3.5
10692,4
10693,2
10694,2.5
10695,4
10696,5
10697,3.5
10698,5
10699,4
10700,4
10701,3
10702,3.5
10703,3.5
10704,5
10705,4
10706,4
10707,2.5
10708,5
10709,4
10710,5
10711,4
10712,3.5
10713,5
10714,3.5
10715,3.5
10716,4.5
10717,2.5
10718,3
10719,3.5
10720,1
10721,3.5
10722,2.5
10723,5
10724,4.5
10725,4
10726,4.5
10727,5
10728,4.5
10729,4
10730,4.5
10731,4
10732,5
10733,5
10734,3
10735,3.5
10736,3.5
10737,4.5
10738,5
10739,4
10740,2.5
10741,4.5
10742,4
10743,3.5
10744,5
10745,3
10746,4.5
10747,2.5
10748,3.5
10749,5
10750,3.5
10751,1
10752,3.5
10753,4
10754,4
10755,3.5
10756,3
10757,4.5
10758,3.5
10759,5
10760,4
10761,5
10762,4
10763,3
10764,4
10765,5
10766,3.5
10767,4
10768,3
10769,4
10770,4
10771,4
10772,3.5
10773,4
10774,4
10775,2
10776,4.5
10777,4.5
10778,3.5
10779,5
10780,5
10781,3.5
10782,3.5
10783,4
10784,3.5
10785,2.5
10786,4.5
10787,3
10788,3
10789,4.5
10790,4
10791,3.5
10792,3.5
10793,4
10794,3.5
10795,2.5
10796,4
10797,5
10798,3
10799,3.5
10800,2.5
10801,2.5
10802,3.5
10803,4.5
10804,4.5
10805,4.5
10806,4
10807,3.5
10808,5
10809,4.5
10810,4
10811,1
10812,4.5
10813,3.5
10814,3.5
10815,4.5
10816,2.5
10817,4
10818,5
10819,3.5
10820,4.5
10821,4.5
10822,2.5
10823,4.5
10824,3
10825,3
10826,2.5
10827,4.5
10828,4
10829,3.5
10830,4.5
10831,2
10832,2
10833,4
10834,3.5
10835,3.5
10836,3
10837,3.5
10838,4.5
10839,2.5
10840,3
10841,5
10842,4
10843,3
10844,4.5
10845,3.5
10846,3.5
10847,3.5
10848,3.5
10849,2
10850,2.5
10851,4
10852,3
10853,4
10854,3.5
10855,5
10856,4.5
10857,3.5
10858,3.5
10859,3.5
10860,3.5
10861,4
10862,4.5
10863,2.5
10864,3.5
10865,4
10866,4
10867,4
10868,4
10869,4
10870,3
10871,2.5
10872,4.5
10873,3.5
10874,3
10875,3
10876,2.5
10877,3.5
10878,4
10879,4.5
10880,3
10881,3
10882,4
10883,3
10884,3.5
10885,3.5
10886,5
10887,5
10888,2.5
10889,3.5
10890,2.5
10891,4.5
10892,4.5
10893,5
10894,4.5
10895,4
10896,4.5
10897,4
10898,3
10899,3.5
10900,4
10901,3
10902,5
10903,2
10904,4
10905,4
10906,5
10907,5
10908,5
10909,3.5
10910,4.5
10911,3
10912,3
10913,4
10914,3.5
10915,3
10916,4
10917,4.5
10918,3.5
10919,4
10920,3
10921,3.5
10922,4.5
10923,3.5
10924,3.5
10925,4
10926,4
10927,4
10928,3.5
10929,5
10930,1.5
10931,2.5
10932,5
10933,4.5
10934,2.5
10935,1.5
10936,3
10937,2.5
10938,3.5
10939,3.5
10940,3.5
10941,4.5
10942,4.5
10943,3
10944,3
10945,4
10946,3
10947,3.5
10948,4
10949,3.5
10950,3.5
10951,4
10952,3.5
10953,4
10954,4.5
10955,3.5
10956,2.5
10957,3.5
10958,4.5
10959,2.5
10960,3.5
10961,4.5
10962,3.5
10963,3.5
10964,3.5
10965,5
10966,3.5
10967,2.5
10968,3.5
10969,3
10970,2.5
10971,5
10972,4.5
10973,5
10974,2.5
10975,1
10976,4
10977,5
10978,4
10979,3.5
10980,3.5
10981,3.5
10982,3.5
10983,4.5
10984,4.5
10985,3.5
10986,3.5
10987,3.5
10988,2.5
10989,5
10990,4.5
10991,3.5
10992,2.5
10993,2
10994,1.5
10995,5
10996,4.5
10997,3
10998,5
10999,5
11000,4
11001,4
11002,3
11003,3.5
11004,4.5
11005,3
11006,3.5
11007,2.5
11008,5
11009,4
11010,2.5
11011,4.5
11012,4
11013,4
11014,4
11015,3
11016,3
11017,3
11018,3
11019,4
11020,4.5
11021,2.5
11022,3
11023,3
11024,3
11025,3
11026,3.5
11027,4.5
11028,4
11029,4
11030,3.5
11031,2.5
11032,4
11033,2.5
11034,5
11035,3.5
11036,3
11037,5
11038,2.5
11039,4.5
11040,4.5
11041,3
11042,5
11043,3.5
11044,3.5
11045,4
11046,4
11047,4
11048,4.5
11049,3
11050,4.5
11051,4.5
11052,3
11053,2.5
11054,4.5
11055,3
11056,4
11057,5
11058,3
11059,4
11060,3.5
11061,4.5
11062,2
11063,5
11064,4
11065,2.5
11066,4.5
11067,5
11068,5
11069,4
11070,3.5
11071,2.5
11072,4.5
11073,3.5
11074,4
11075,3.5
11076,3
11077,4
11078,3
11079,3.5
11080,4
11081,4.5
11082,4
11083,3.5
11084,3.5
11085,2.5
11086,4
11087,4.5
11088,3.5
11089,2.5
11090,2
11091,3.5
11092,3
11093,3
11094,3
11095,1
11096,2
11097,5
11098,3.5
11099,4.5
11100,4
11101,5
11102,4
11103,3.5
11104,3
11105,2.5
11106,5
11107,5
11108,4
11109,4
11110,2.5
11111,3
11112,4.5
11113,5
11114,3.5
11115,4
11116,3
11117,3.5
11118,5
11119,4.5
11120,4
11121,4
11122,4.5
11123,5
11124,2
11125,3.5
11126,3.5
11127,5
11128,4
11129,3
11130,3.5
11131,4.5
11132,3.5
11133,4
11134,3.5
11135,4
11136,5
11137,4
11138,3.5
11139,4.5
11140,2.5
11141,5
11142,4
11143,2
11144,2.5
11145,2.5
11146,3.5
11147,5
11148,3.5
11149,2.5
11150,1.5
11151,4
11152,2.5
11153,1
11154,4
11155,4
11156,3.5
11157,2.5
11158,3
11159,4
11160,3.5
11161,3.5
11162,3.5
11163,4
11164,4.5
11165,4.5
11166,3.5
11167,4
11168,3
11169,3
11170,4
11171,4.5
11172,4.5
11173,2.5
11174,2
11175,3
11176,3
11177,4.5
11178,4
11179,4.5
11180,3.5
11181,4.5
11182,3.5
11183,3
11184,4.5
11185,4
11186,3.5
11187,3.5
11188,4
11189,4
11190,3.5
11191,5
11192,2
11193,4.5
11194,4.5
11195,4
11196,4
11197,2.5
11198,5
11199,3
11200,3.5
11201,3.5
11202,4
11203,4
11204,3
11205,3
11206,3.5
11207,4.5
11208,4
11209,3
11210,2.5
11211,4
11212,3.5
11213,3.5
11214,3.5
11215,4
11216,5
11217,4
11218,4
11219,3.5
11220,4.5
11221,4
11222,3.5
11223,3
11224,4
11225,4
11226,3
11227,4
11228,4
11229,3.5
11230,4
11231,4
11232,5
11233,3.5
11234,4
11235,1
11236,4
11237,3
11238,3.5
11239,3
11240,2
11241,2.5
11242,5
11243,4
11244,4
11245,4
11246,5
11247,4
11248,3.5
11249,2.5
11250,3
11251,3.5
11252,4
11253,3.5
11254,4
11255,4.5
11256,3
11257,4
11258,3
11259,4.5
11260,3.5
11261,3.5
11262,4.5
11263,4.5
11264,1
11265,3.5
11266,4.5
11267,4.5
11268,4.5
11269,2.5
11270,3
11271,4.5
11272,2
11273,4.5
11274,5
11275,1.5
11276,4
11277,2.5
11278,4
11279,3
11280,2
11281,4.5
11282,3
11283,3.5
11284,5
11285,3
11286,4
11287,4
11288,2.5
11289,3.5
11290,4
11291,3
11292,4
11293,1.5
11294,3
11295,3.5
11296,3.5
11297,4
11298,3.5
11299,4
11300,3.5
11301,3
11302,4.5
11303,4
11304,5
11305,2.5
11306,3.5
11307,3
11308,4
11309,3.5
11310,4.5
11311,4.5
11312,4.5
11313,3.5
11314,4.5
11315,4
11316,3
11317,3.5
11318,4.5
11319,4.5
11320,4.5
11321,4
11322,4.5
11323,3.5
11324,2.5
11325,4.5
11326,4
11327,4
11328,4
11329,5
11330,3
11331,2.5
11332,4
11333,4.5
11334,3
11335,4
11336,2
11337,3
11338,4
11339,3.5
11340,3.5
11341,4.5
11342,4.5
11343,3.5
11344,3.5
11345,4.5
11346,4.5
11347,4.5
11348,5
11349,3
11350,3
11351,2
11352,5
11353,4
11354,3.5
11355,3.5
11356,5
11357,5
11358,3
11359,4
11360,1
11361,4
11362,4
11363,2
11364,3
11365,2.5
11366,3.5
11367,3.5
11368,3
11369,3.5
11370,3.5
11371,3
11372,3.5
11373,4
11374,4
11375,4
11376,3.5
11377,4.5
11378,4
11379,3.5
11380,3.5
11381,2.5
11382,3
11383,4
11384,4
11385,4
11386,3
11387,4
11388,2.5
11389,2.5
11390,2.5
11391,3.5
11392,4
11393,3
11394,3.5
11395,4
11396,3
11397,3
11398,2.5
11399,4
11400,1
11401,5
11402,3
11403,3.5
11404,4
11405,4
11406,1.5
11407,3.5
11408,3.5
11409,3
11410,4.5
11411,4
11412,3.5
11413,4.5
11414,3.5
11415,5
11416,2.5
11417,4
11418,3.5
11419,3.5
11420,2
11421,3.5
11422,2.5
11423,3.5
11424,4
11425,4
11426,3.5
11427,4.5
11428,3
11429,3.5
11430,4
11431,4
11432,2.5
11433,5
11434,3
11435,3
11436,3.5
11437,3
11438,3.5
11439,3
11440,4
11441,4
11442,4
11443,3
11444,3
11445,4
11446,4
11447,3.5
11448,3.5
11449,4.5
11450,4
11451,3
11452,3.5
11453,3.5
11454,4
11455,3.5
11456,4
11457,3
11458,4.5
11459,3.5
11460,4
11461,3.5
11462,3.5
11463,4
11464,3.5
11465,3.5
11466,4
11467,5
11468,4
11469,4
11470,3.5
11471,3.5
11472,4
11473,3
11474,4
11475,3
11476,4
11477,3.5
11478,3.5
11479,2
11480,1.5
11481,2.5
11482,3
11483,5
11484,4.5
11485,4
11486,2
11487,4
11488,4
11489,5
11490,4
11491,2.5
11492,2
11493,3.5
11494,5
11495,4.5
11496,4
11497,4
11498,3.5
11499,3
11500,5
11501,3.5
11502,4.5
11503,3.5
11504,4
11505,3.5
11506,2.5
11507,5
11508,5
11509,4
11510,3
11511,4
11512,5
11513,3.5
11514,2.5
11515,4
11516,4
11517,4
11518,4
11519,4.5
11520,1.5
11521,5
11522,3.5
11523,3.5
11524,4.5
11525,5
11526,1.5
11527,4
11528,2.5
11529,2.5
11530,2.5
11531,3
11532,4
11533,3
11534,3.5
11535,4.5
11536,3.5
11537,2.5
